iteration,mu,phys_loss
0,0.05000000000000001,6014068.200272795
500,0.0392947175232192,23696.772440902125
1000,0.036815276896687364,12522.083187206854
1500,0.03504380023063895,8412.92913818744
2000,0.033588355256384206,6245.892648762206
2500,0.032307682227425784,4896.106009841787
3000,0.031134055900700196,3971.3563376121456
3500,0.030029990574491197,3298.5683971418753
4000,0.028973182836778688,2789.3651406205654
4500,0.027950164037239197,2393.8709281961874
5000,0.026953308453375596,2081.801945412583
5500,0.02597934928420329,1833.7006788252042
6000,0.018666623695320367,nan
