traj_index,mu_true,min_r,pinn_mu,pinn_error_pct,pinn_abs_error,pinn_time_s,pinn_phase1_iters,pinn_phase1_hit_iter_cap,pinn_phase1_data_loss,pinn_phase1_accel_loss,pinn_phase1_vel_loss,pinn_scan_argmin,pinn_scan_contrast,classical_mu,classical_error_pct,classical_abs_error,classical_time_s,classical_contrast,shooting_mu,shooting_error_pct,shooting_abs_error,shooting_time_s,shooting_success,shooting_nfev,ekf_mu,ekf_error_pct,ekf_abs_error,ekf_time_s,spline_mu,spline_error_pct,spline_abs_error,spline_time_s,fourier_mu,fourier_error_pct,fourier_abs_error,fourier_time_s,fourier_harmonics,n_points,noise_sigma,use_velocity,accel_target
381,0.0006993478319656316,0.09813932724426627,0.0007088584627209441,1.359928539219358,9.510630755312464e-06,825.029595375061,56246,False,1.158308387457348e-09,2.95904847401432e-06,1.800107945422339e-06,0.0006994750985386373,339676587850.8994,0.001,42.99036249091333,0.0003006521680343684,0.02509307861328125,25213806376.231148,0.0006993478319642665,1.9519885427250246e-10,1.3651189553764986e-15,14.689025163650513,True,10,0.0006993549513613577,0.0010180049755848777,7.1193957260550986e-09,0.48151421546936035,0.0006993505323752073,0.00038613254411000095,2.7004095757470273e-09,0.018358230590820312,0.0007077198907756909,1.1971237240456296,8.372058810059342e-06,0.5499277114868164,128,1000,0.0,True,spline
751,0.08857142857142858,0.09180109678116287,0.0885686210295058,0.003169805396684827,2.8075419227779896e-06,829.1686499118805,56681,False,1.1066893439053351e-09,1.8519892189013897e-06,1.435091122005891e-06,0.08779040883528988,670909396.6394298,0.0892742474916388,0.7935052324954112,0.0007028189202102214,0.024717330932617188,416152340.4858343,0.08857142857142199,7.442523300158559e-12,6.591949208711867e-15,7.496845483779907,True,9,0.08857142873665923,1.8655073229906046e-07,1.6523064860773928e-10,0.5287001132965088,0.0885714387081269,1.144465940251849e-05,1.0136698327944949e-08,0.018051862716674805,0.0886062370315194,0.03929987429609142,3.4808460090823834e-05,0.5357725620269775,128,1000,0.0,True,spline
266,0.00018287676377481453,0.08832842487830028,0.00018491126041558195,1.1124959774947707,2.0344966407674257e-06,955.6730380058289,66304,False,6.121255751559753e-10,7.598317355659985e-07,4.986885995193726e-07,0.0001879025651405802,8891584712939.654,0.001,446.8163255728601,0.0008171232362251855,0.024787425994873047,1449001224.137329,0.00018287676378045617,3.0849441383789842e-09,5.641646004528322e-15,4.715970993041992,True,12,0.0001828762164464292,0.0002992880965490867,5.47328385332212e-10,0.3963465690612793,0.00018285407501509744,0.012406584220303198,2.268875971708729e-08,0.01816391944885254,0.00013113659519622644,28.292368866663885,5.174016857858809e-05,0.5487246513366699,128,1000,0.0,True,spline
586,0.006540100289202144,0.07285669074245578,0.006563517718771766,0.3580591815737797,2.3417429569621596e-05,891.8074562549591,61428,False,8.474141096835342e-09,1.5481970304781875e-05,9.05267713741602e-06,0.006585024142452087,6191220612.345819,0.005996655518394649,8.309425647565902,0.0005434447708074948,0.024552345275878906,12658720.491570976,0.006540100289197061,7.771654194666961e-11,5.082739784612045e-15,10.81275486946106,True,12,0.006540098690302229,2.444763603831578e-05,1.5988999152449779e-09,0.5019729137420654,0.006540136788468514,0.0005580841998701549,3.649926636969947e-08,0.018140792846679688,0.00663324039779659,1.4241388430728292,9.314010859444617e-05,0.5293421745300293,128,1000,0.0,True,spline
641,0.01278944682628075,0.07198852309654968,0.012782937343446014,0.05089729777334523,6.509482834735764e-06,917.8689215183258,63398,False,6.2905710070224876e-09,5.402622414105171e-06,3.962255628521544e-06,0.012705072456615597,6120962984.817334,0.01265886287625418,1.021028913918588,0.00013058395002656965,0.024655580520629883,35075120.00155815,0.012789446826278363,1.8663664936931717e-11,2.3869795029440866e-15,7.93848180770874,True,11,0.012789446921117694,7.415249865124354e-07,9.483694385359343e-11,0.44289588928222656,0.012788609063752888,0.006550420352353267,8.377625278620932e-07,0.01827836036682129,0.012059719729992691,5.705697096989047,0.0007297270962880586,0.5777087211608887,128,1000,0.0,True,spline
16,1e-05,0.07128912519750844,3.749689019336419e-05,274.96890193364186,2.7496890193364188e-05,900.6076064109802,62101,False,1.600465036601926e-08,1.972882597986409e-05,1.201649437138783e-05,3.7049126365843086e-05,7781213364.929046,0.001,9899.999999999998,0.00099,0.024930953979492188,373007896.720191,9.999999999077575e-06,9.22425655823511e-09,9.224256558235111e-16,47.78007793426514,True,19,1.000010130863998e-05,0.0010130863997943678,1.0130863997943678e-10,0.49512696266174316,1.0261863856761103e-05,2.618638567611024,2.6186385676110246e-07,0.018236637115478516,0.000425863067031927,4158.6306703192695,0.000415863067031927,0.5537164211273193,128,1000,0.0,True,spline
131,3.8241481177279264e-05,0.07031585226104774,1.1937041613393901e-05,68.78509606347006,2.6304439563885363e-05,1152.9857721328735,81323,False,1.2984803983246252e-07,8.576822785011303e-05,7.152208343431585e-05,1.2074952051415929e-05,311304622767.5682,0.001,2514.9614743325856,0.0009617585188227207,0.024930953979492188,1473377499.990342,3.8241481176687696e-05,1.5469270335529696e-09,5.915678103624034e-16,25.24554467201233,True,14,3.8204720677990506e-05,0.09612728941733246,3.6760499288757955e-08,0.7868640422821045,4.117137896370778e-05,7.661569835242895,2.929897786428518e-06,0.018457412719726562,9.254159443447656e-08,99.75800729578053,3.8148939582844784e-05,0.5483739376068115,128,1000,0.0,True,spline
126,3.8241481177279264e-05,0.06547654069949987,8.810209170697085e-05,130.38357562184515,4.986061052969159e-05,1394.3962607383728,99608,False,1.0408191109901883e-07,3.3192199847010546e-05,7.230386227276395e-06,8.67250859133535e-05,4403338927.6434,0.001,2514.9614743325856,0.0009617585188227207,0.024950504302978516,156689208.34400657,3.824148117448748e-05,7.30041469861003e-09,2.7917867128322837e-15,9.668752670288086,True,14,3.824099700876611e-05,0.001266082008989643,4.841685131566935e-10,0.4768545627593994,3.8473196416784065e-05,0.6059264243208022,2.3171523950480088e-07,0.018304824829101562,0.000256669348212858,571.1804572186791,0.00021842786703557876,0.5329561233520508,128,1000,0.0,True,spline
841,0.26,0.05832405491657091,0.2607902253156663,0.3039328137178093,0.0007902253156663042,915.7289097309113,63252,False,3.2402064596808764e-07,1.3911570254919114e-06,6.090367984876264e-07,0.25914941315518547,8632331.912789674,0.26249163879598664,0.9583226138410108,0.002491638795986628,0.025493621826171875,16899309.80443261,0.2599999999999989,4.270088556250602e-13,1.1102230246251565e-15,3.9111416339874268,True,15,0.2599999947089333,2.035025652265159e-06,5.2910666958894126e-09,0.3812077045440674,0.26001299838614383,0.004999379286086701,1.2998386143825424e-05,0.01837635040283203,0.26707409506014107,2.7208057923619466,0.007074095060141061,0.5411653518676758,128,1000,0.0,True,spline
236,0.00011694463230301478,0.05705085570877265,1.0000060855480763e-07,99.91448892814874,0.00011684463169445997,952.3591289520264,63974,False,4.45901537794454e-06,2.3725347916810424e-05,4.497023481268398e-06,1e-07,1077.4009444651153,0.001,755.1055147267502,0.0008830553676969853,0.02528071403503418,2928.5261200831364,0.00011694463230500845,1.7047995902727876e-09,1.9936716123478138e-15,5.576640367507935,True,15,0.00011694461851948134,1.1786375454688646e-05,1.3783533437338423e-11,0.4212021827697754,0.00011778369136785237,0.7174840335240888,8.39059064837585e-07,0.018612384796142578,0.00035045024820975546,199.67193988152033,0.00023350561590674068,0.6175076961517334,128,1000,0.0,True,spline
606,0.008178497506113136,0.05382438166327243,0.006398829757044862,21.760326364812556,0.001779667749068274,1498.3689827919006,100000,True,4.855380300729857e-06,3.4351858084529176e-05,6.59076506108803e-06,0.006335311493097715,61287271.48113033,0.005996655518394649,26.67778508323365,0.0021818419877184863,0.02541947364807129,308076824.7975881,0.008178497506116506,4.121255415562036e-11,3.370567713822936e-15,6.874533653259277,True,11,0.0081784974887929,2.117777196929107e-07,1.7320235523587968e-11,0.4578392505645752,0.00811130126811188,0.8216208166723696,6.719623800125613e-05,0.018649816513061523,0.0004374364470357507,94.65138374488978,0.007741061059077385,0.5741629600524902,128,1000,0.0,True,spline
406,0.0008745453810669778,0.0517378412711239,1.0000032364799809e-07,99.9885654505972,0.0008744453807433298,1495.137757062912,100000,True,9.119100044684155e-06,6.95669276475684e-05,9.605691604336877e-06,1e-07,14766.566239917172,0.001,14.345123952282837,0.00012545461893302223,0.025326013565063477,378823.2155063361,0.0008745453811496252,9.450330692402731e-09,8.264743056596302e-14,7.0507752895355225,True,12,0.0008745453712906775,1.1178722719423883e-06,9.776300320500642e-12,0.444720983505249,0.0008554138176975215,2.18760098488143,1.913156336945626e-05,0.01839756965637207,0.00017845512858733061,79.59452620176111,0.0006960902524796471,0.6571857929229736,128,1000,0.0,True,spline
836,0.22571428571428573,0.02811457244989369,0.22173826153738765,1.761529698625729,0.003976024176898074,1381.1678476333618,92261,False,2.3561891398290916e-06,7.532345257700966e-06,7.190312963839016e-07,0.22202027471413716,1523.2498826912456,0.22251839464882944,1.4159011049489871,0.0031958910654562855,0.025509357452392578,12301.718110201866,0.15639633777871548,30.710483262594412,0.06931794793557025,3.9904983043670654,True,19,0.22571295958994875,0.0005875234404346618,1.3261243369810938e-06,0.400104284286499,0.22548721164244703,0.10060243689056125,0.00022707407183869543,0.019361495971679688,0.21387264059598615,5.246298470132723,0.011841645118299576,0.5726275444030762,128,1000,0.0,True,spline
256,0.00014624108826322027,0.04462279865488025,0.006745700910813039,4512.7261434703005,0.006599459822549818,1494.3776655197144,100000,True,6.696856283602945e-05,0.00043227699509182057,3.7007525818212024e-05,0.006844579466048352,4424159.14795742,0.001,583.8023512243656,0.0008537589117367797,0.02540421485900879,11594603.47690829,0.00014624108825273682,7.168607048718448e-09,1.0483448961359776e-14,15.839179515838623,True,8,0.0001462574285724451,0.011173541867664,1.6340309224818382e-08,0.5266811847686768,0.00017727735316098436,21.22267091031333,3.103626489776409e-05,0.018518447875976562,0.00029169172687293777,99.45948866841033,0.0001454506386097175,0.6002042293548584,128,1000,0.0,True,spline
396,0.0006993478319656316,0.043406205185675714,1.0000042811671145e-07,99.98570090253435,0.0006992478315375149,1459.3724176883698,100000,True,7.5661746313204585e-06,7.350943986462384e-05,8.106331704329997e-06,1e-07,426363.9751281229,0.001,42.99036249091333,0.0003006521680343684,0.025201797485351562,36348.18841064543,0.0006993478319549041,1.5339333998203864e-09,1.0727529975440575e-14,4.829047203063965,True,10,0.0006993474670073684,5.2185514342542416e-05,3.649582631546841e-10,0.43456006050109863,0.0005530057385196996,20.92550898951293,0.00014634209344593203,0.019201993942260742,9.254159443447656e-08,99.98676744386633,0.0006992552903711971,0.566967248916626,128,1000,0.0,True,spline
621,0.010227338802117767,0.039508615543146657,0.006844433059487824,33.07708689507233,0.003382905742629943,1473.4091360569,100000,True,1.8377062946180905e-05,0.00010677179408095206,1.3633557267729457e-05,0.006844579466048352,33180225.957122132,0.007662207357859532,25.081123192350642,0.0025651314442582352,0.025360584259033203,72157196.06153986,0.010227338802129301,1.1277788498980222e-10,1.153417639176979e-14,10.89620590209961,True,11,0.010227338732688386,6.788606693374727e-07,6.942938064746773e-11,0.6817364692687988,0.00944719647548039,7.628009022990755,0.0007801423266373779,0.022844314575195312,0.0005097692681509067,95.01562158041202,0.00971756953396686,2.123262643814087,128,1000,0.0,True,spline
611,0.008178497506113136,0.038681318527150656,0.002788318264432863,65.90671743374999,0.005390179241680273,1520.0896570682526,100000,True,5.083954622510424e-05,0.0006540150776017228,4.600323276412322e-05,0.002813135196194365,491026.88599205465,0.009327759197324415,14.052235026693442,0.0011492616912112796,0.025845766067504883,5591740.861390524,0.008178497506125513,1.5133894693790594e-10,1.2377252001094519e-14,14.599057912826538,True,13,0.00817849830130746,9.722987908090727e-06,7.951943235828818e-10,0.5155682563781738,0.00832710103925656,1.8170028545261312,0.00014860353314342413,0.01862478256225586,0.3565714205438121,4259.864636227958,0.3483929230376989,0.6014587879180908,128,1000,0.0,True,spline
651,0.01278944682628075,0.03582920040828252,0.01144630269364254,10.501972062452406,0.0013431441326382104,1507.0529072284698,100000,True,0.00010798592494532536,0.0017024955869225972,0.00011726434958267469,0.011313811812030334,4082.7798971956736,0.01265886287625418,1.021028913918588,0.00013058395002656965,0.026172399520874023,115189294.75913483,0.01278944682629605,1.1963192205213499e-10,1.530026105811544e-14,17.80277943611145,True,10,0.012789451652059993,3.773250953519806e-05,4.82577924322547e-09,0.6471817493438721,0.012967199087939744,1.3898354172264544,0.0001777522616589946,0.019678592681884766,0.5129920571640257,3911.0574298638917,0.5002026103377449,0.6832334995269775,128,1000,0.0,True,spline
