traj_index,mu_true,min_r,n_points,sigma,noise_seed,method,integrator,mu_est,abs_error,error_pct,elapsed_s,note
10,1e-05,0.03221042512890204,1000,0.0,10000,bls,RK45,9.999999999363317e-06,6.366841732649564e-16,6.366841732649563e-09,6.457911900011823,
10,1e-05,0.03221042512890204,1000,0.0,10000,ekf,RK45,9.999934218213487e-06,6.578178651378823e-11,0.0006578178651378823,2.2989334000158124,
10,1e-05,0.03221042512890204,1000,0.0,10000,shooting,RK45,1.0221610939889008e-05,2.2161093988900735e-07,2.2161093988900733,3.8725163000053726,
10,1e-05,0.03221042512890204,1000,0.0,10000,bls,DOP853,9.99999996884902e-06,3.115098002953124e-14,3.115098002953124e-07,2.514774599985685,
10,1e-05,0.03221042512890204,1000,0.0,10000,ekf,DOP853,9.999934218152424e-06,6.57818475763934e-11,0.000657818475763934,2.3441973000008147,
10,1e-05,0.03221042512890204,1000,0.0,10000,shooting,DOP853,1.0221610716957805e-05,2.2161071695780457e-07,2.2161071695780454,1.589806400006637,
10,1e-05,0.03221042512890204,1000,0.0001,10003,bls,RK45,1.069400695569648e-05,6.9400695569648e-07,6.9400695569648,9.439888099994278,
10,1e-05,0.03221042512890204,1000,0.0001,10003,ekf,RK45,1.0684510807252883e-05,6.845108072528824e-07,6.845108072528824,2.283067000011215,
10,1e-05,0.03221042512890204,1000,0.0001,10003,shooting,RK45,7.1713728173202196e-06,2.8286271826797812e-06,28.28627182679781,3.9399104000185616,
10,1e-05,0.03221042512890204,1000,0.0001,10003,bls,DOP853,1.069410108153359e-05,6.941010815335891e-07,6.941010815335891,3.922175799991237,
10,1e-05,0.03221042512890204,1000,0.0001,10003,ekf,DOP853,1.0684510807578888e-05,6.845108075788868e-07,6.845108075788867,2.5278977999987546,
10,1e-05,0.03221042512890204,1000,0.0001,10003,shooting,DOP853,7.171343374640517e-06,2.8286566253594835e-06,28.28656625359483,1.742017999989912,
37,1.2505156105352108e-05,1.4011705133023842,1000,0.0,37000,bls,RK45,1.2505157028256747e-05,9.229046394026563e-13,7.380192871064283e-06,22.632315599999856,
37,1.2505156105352108e-05,1.4011705133023842,1000,0.0,37000,ekf,RK45,1.2515493534955121e-05,1.0337429603013624e-08,0.08266533832863779,2.507220799976494,
37,1.2505156105352108e-05,1.4011705133023842,1000,0.0,37000,shooting,RK45,0.001609868771089432,0.00159736361498408,12773.639941211299,3.7001677000080235,
37,1.2505156105352108e-05,1.4011705133023842,1000,0.0,37000,bls,DOP853,1.2505416580412277e-05,2.60475060169521e-10,0.0020829412921765903,4.682020199979888,
37,1.2505156105352108e-05,1.4011705133023842,1000,0.0,37000,ekf,DOP853,1.2515493516865342e-05,1.0337411513234207e-08,0.08266519367007244,2.543379000009736,
37,1.2505156105352108e-05,1.4011705133023842,1000,0.0,37000,shooting,DOP853,0.0016098556532880253,0.0015973504971826733,12773.535042069725,0.8911737000162248,
37,1.2505156105352108e-05,1.4011705133023842,1000,0.0001,37003,bls,RK45,1.0000087997301516e-07,1.2405155225379092e-05,99.2003228177998,4.066945799975656,
37,1.2505156105352108e-05,1.4011705133023842,1000,0.0001,37003,ekf,RK45,0.0004819254712966955,0.00046942031519134336,3753.814116646134,2.2574169999861624,
37,1.2505156105352108e-05,1.4011705133023842,1000,0.0001,37003,shooting,RK45,1.0000000016118097e-07,1.2405156105190927e-05,99.20032985339239,1.7393830999790225,
37,1.2505156105352108e-05,1.4011705133023842,1000,0.0001,37003,bls,DOP853,1.0000108544042538e-07,1.2405155019911683e-05,99.20032117473826,1.0411126999824774,
37,1.2505156105352108e-05,1.4011705133023842,1000,0.0001,37003,ekf,DOP853,0.0004819254718786249,0.0004694203157732728,3753.81412129965,2.6337897999910638,
37,1.2505156105352108e-05,1.4011705133023842,1000,0.0001,37003,shooting,DOP853,1.0000000016118097e-07,1.2405156105190927e-05,99.20032985339239,0.3876069000107236,
12,1e-05,0.09605329518050952,1000,0.0,12000,bls,RK45,9.999999996396297e-06,3.603703368159315e-15,3.603703368159315e-08,12.294112100003986,
12,1e-05,0.09605329518050952,1000,0.0,12000,ekf,RK45,9.999998980319392e-06,1.0196806083279412e-12,1.0196806083279412e-05,2.4009635999973398,
12,1e-05,0.09605329518050952,1000,0.0,12000,shooting,RK45,1.0000000016118097e-07,9.89999999983882e-06,98.99999999838819,4.042320300010033,
12,1e-05,0.09605329518050952,1000,0.0,12000,bls,DOP853,9.99999731121144e-06,2.6887885601551472e-12,2.688788560155147e-05,4.708644999976968,
12,1e-05,0.09605329518050952,1000,0.0,12000,ekf,DOP853,9.999999022777583e-06,9.772224177729888e-13,9.772224177729888e-06,2.558519400015939,
12,1e-05,0.09605329518050952,1000,0.0,12000,shooting,DOP853,1.0000000016118097e-07,9.89999999983882e-06,98.99999999838819,1.5744100000010803,
12,1e-05,0.09605329518050952,1000,0.0001,12003,bls,RK45,1.0310365214472476e-05,3.103652144724748e-07,3.103652144724748,11.084079500025837,
12,1e-05,0.09605329518050952,1000,0.0001,12003,ekf,RK45,9.481562882478422e-06,5.18437117521579e-07,5.18437117521579,2.573722400004044,
12,1e-05,0.09605329518050952,1000,0.0001,12003,shooting,RK45,1.0000000012080914e-07,9.899999999879191e-06,98.9999999987919,5.399610399996163,
12,1e-05,0.09605329518050952,1000,0.0001,12003,bls,DOP853,1.0310278496471694e-05,3.102784964716933e-07,3.1027849647169328,4.47115960001247,
12,1e-05,0.09605329518050952,1000,0.0001,12003,ekf,DOP853,9.481562763406874e-06,5.184372365931272e-07,5.184372365931271,2.5399734000093304,
12,1e-05,0.09605329518050952,1000,0.0001,12003,shooting,DOP853,1.0000000000000021e-07,9.9e-06,98.99999999999999,1.6264710999967065,
4,1e-05,1.1100623017940692,1000,0.0,4000,bls,RK45,1.0000000298342027e-05,2.983420259970726e-13,2.9834202599707256e-06,21.053387099993415,
4,1e-05,1.1100623017940692,1000,0.0,4000,ekf,RK45,1.0002435145061089e-05,2.4351450610881004e-09,0.024351450610881002,2.4904521999997087,
4,1e-05,1.1100623017940692,1000,0.0,4000,shooting,RK45,0.0005891847579240544,0.0005791847579240544,5791.847579240544,3.1053270999982487,
4,1e-05,1.1100623017940692,1000,0.0,4000,bls,DOP853,9.99998529620079e-06,1.4703799211662478e-11,0.00014703799211662478,3.920285400003195,
4,1e-05,1.1100623017940692,1000,0.0,4000,ekf,DOP853,1.0002435137271286e-05,2.4351372712852265e-09,0.024351372712852263,2.6520719999971334,
4,1e-05,1.1100623017940692,1000,0.0,4000,shooting,DOP853,0.0005891139050242057,0.0005791139050242057,5791.139050242056,0.7584078999934718,
4,1e-05,1.1100623017940692,1000,0.0001,4003,bls,RK45,0.00014563589194368075,0.00013563589194368075,1356.3589194368074,20.13307170002372,
4,1e-05,1.1100623017940692,1000,0.0001,4003,ekf,RK45,0.0004622485370405673,0.0004522485370405673,4522.485370405672,2.2612644000037108,
4,1e-05,1.1100623017940692,1000,0.0001,4003,shooting,RK45,0.029602636674890808,0.02959263667489081,295926.36674890807,3.6094892999972217,
4,1e-05,1.1100623017940692,1000,0.0001,4003,bls,DOP853,0.0001446863264406267,0.0001346863264406267,1346.8632644062668,4.469098200002918,
4,1e-05,1.1100623017940692,1000,0.0001,4003,ekf,DOP853,0.00046224853684778477,0.00045224853684778474,4522.485368477847,2.71741139999358,
4,1e-05,1.1100623017940692,1000,0.0001,4003,shooting,DOP853,0.029602643749942863,0.029592643749942863,295926.43749942863,0.9024023000092711,
77,1.9555429214742177e-05,0.4210911611124618,1000,0.0,77000,bls,RK45,1.955542920160098e-05,1.314119779248675e-14,6.719974104470202e-08,14.095453999994788,
77,1.9555429214742177e-05,0.4210911611124618,1000,0.0,77000,ekf,RK45,1.9555377705323996e-05,5.1509418180561506e-11,0.0002634021356162835,2.4517488999990746,
77,1.9555429214742177e-05,0.4210911611124618,1000,0.0,77000,shooting,RK45,1.0000000016118097e-07,1.9455429214580994e-05,99.48863305906988,2.45485720000579,
77,1.9555429214742177e-05,0.4210911611124618,1000,0.0,77000,bls,DOP853,1.955542974250449e-05,5.277623126118559e-13,2.69880198903532e-06,4.524954699998489,
77,1.9555429214742177e-05,0.4210911611124618,1000,0.0,77000,ekf,DOP853,1.955537769336678e-05,5.152137539570032e-11,0.0002634632808614607,2.8260540000046603,
77,1.9555429214742177e-05,0.4210911611124618,1000,0.0,77000,shooting,DOP853,1.0000000016118097e-07,1.9455429214580994e-05,99.48863305906988,0.7600019999954384,
77,1.9555429214742177e-05,0.4210911611124618,1000,0.0001,77003,bls,RK45,1.928310598860177e-05,2.72323226140406e-07,1.3925709487118325,16.084973399993032,
77,1.9555429214742177e-05,0.4210911611124618,1000,0.0001,77003,ekf,RK45,1.943564716853066e-05,1.197820462115181e-07,0.6125257845080612,2.3894414999813307,
77,1.9555429214742177e-05,0.4210911611124618,1000,0.0001,77003,shooting,RK45,1.0000000000000021e-07,1.9455429214742177e-05,99.48863305989411,2.615691999992123,
77,1.9555429214742177e-05,0.4210911611124618,1000,0.0001,77003,bls,DOP853,1.928274390814414e-05,2.726853065980364e-07,1.3944225084687385,4.8686045999929775,
77,1.9555429214742177e-05,0.4210911611124618,1000,0.0001,77003,ekf,DOP853,1.943564714868428e-05,1.1978206605789646e-07,0.6125258859958789,2.5541684000054374,
77,1.9555429214742177e-05,0.4210911611124618,1000,0.0001,77003,shooting,DOP853,1.0000000000000021e-07,1.9455429214742177e-05,99.48863305989411,0.8330378000100609,
2,1e-05,0.0153455741971864,1000,0.0,2000,bls,RK45,0.00021961850429033305,0.00020961850429033305,2096.18504290333,20.49202899998636,
2,1e-05,0.0153455741971864,1000,0.0,2000,ekf,RK45,9.999998622114465e-06,1.3778855359074032e-12,1.377885535907403e-05,3.3835602999897674,
2,1e-05,0.0153455741971864,1000,0.0,2000,shooting,RK45,0.00022360679774997895,0.00021360679774997895,2136.0679774997893,13.480643100017915,
2,1e-05,0.0153455741971864,1000,0.0,2000,bls,DOP853,0.00022063023696858034,0.00021063023696858035,2106.302369685803,7.091526799980784,
2,1e-05,0.0153455741971864,1000,0.0,2000,ekf,DOP853,1.0000001139980379e-05,1.1399803779584385e-12,1.1399803779584383e-05,3.0177000999974553,
2,1e-05,0.0153455741971864,1000,0.0,2000,shooting,DOP853,0.0002232440766887471,0.0002132440766887471,2132.4407668874705,5.841755400004331,
2,1e-05,0.0153455741971864,1000,0.0001,2003,bls,RK45,1.2112487005735943e-07,9.878875129942641e-06,98.7887512994264,24.43241959999432,
2,1e-05,0.0153455741971864,1000,0.0001,2003,ekf,RK45,2.658946061274396e-06,7.341053938725605e-06,73.41053938725605,3.348905899998499,
2,1e-05,0.0153455741971864,1000,0.0001,2003,shooting,RK45,1.0000000016118097e-07,9.89999999983882e-06,98.99999999838819,8.490585899999132,
2,1e-05,0.0153455741971864,1000,0.0001,2003,bls,DOP853,1.0005605265104229e-07,9.899943947348959e-06,98.99943947348959,8.944980900007067,
2,1e-05,0.0153455741971864,1000,0.0001,2003,ekf,DOP853,2.6589264043337925e-06,7.341073595666208e-06,73.41073595666208,3.0714367000036873,
2,1e-05,0.0153455741971864,1000,0.0001,2003,shooting,DOP853,1.0000000012088582e-07,9.899999999879115e-06,98.99999999879115,3.634593599999789,
115,3.05805708102374e-05,1.1323410280568857,1000,0.0,115000,bls,RK45,3.058057093390246e-05,1.2366506202312472e-13,4.0439095395081905e-07,17.016235999995843,
115,3.05805708102374e-05,1.1323410280568857,1000,0.0,115000,ekf,RK45,3.051120747237814e-05,6.936333785925565e-08,0.22682159299667168,2.365585900028236,
115,3.05805708102374e-05,1.1323410280568857,1000,0.0,115000,shooting,RK45,1.0000000016118097e-07,3.0480570810076214e-05,99.67299498501282,1.7263581000152044,
115,3.05805708102374e-05,1.1323410280568857,1000,0.0,115000,bls,DOP853,1.0000005708851286e-07,3.0480570753148885e-05,99.67299479885759,0.7464810999808833,
115,3.05805708102374e-05,1.1323410280568857,1000,0.0,115000,ekf,DOP853,3.0511207482834888e-05,6.936332740250855e-08,0.2268215588025843,2.54122169999755,
115,3.05805708102374e-05,1.1323410280568857,1000,0.0,115000,shooting,DOP853,1.0000000016118097e-07,3.0480570810076214e-05,99.67299498501282,0.4025342999957502,
115,3.05805708102374e-05,1.1323410280568857,1000,0.0001,115003,bls,RK45,4.322432308962333e-07,3.0148327579341162e-05,98.58654296030494,7.3984039000060875,
115,3.05805708102374e-05,1.1323410280568857,1000,0.0001,115003,ekf,RK45,0.0002591950244690877,0.00022861445365885032,747.5807272450177,2.4088321999879554,
115,3.05805708102374e-05,1.1323410280568857,1000,0.0001,115003,shooting,RK45,1.0000000016118097e-07,3.0480570810076214e-05,99.67299498501282,1.7978664999827743,
115,3.05805708102374e-05,1.1323410280568857,1000,0.0001,115003,bls,DOP853,2.974528950270159e-07,3.028311791521038e-05,99.0273141176049,1.431535999989137,
115,3.05805708102374e-05,1.1323410280568857,1000,0.0001,115003,ekf,DOP853,0.000259195024780582,0.00022861445397034458,747.5807282636196,2.465117799991276,
115,3.05805708102374e-05,1.1323410280568857,1000,0.0001,115003,shooting,DOP853,1.0000000016118097e-07,3.0480570810076214e-05,99.67299498501282,0.36838949998491444,
137,3.8241481177279264e-05,0.855633830083154,1000,0.0,137000,bls,RK45,3.8241481245143774e-05,6.78645101269762e-14,1.7746307945649636e-07,12.393631199985975,
137,3.8241481177279264e-05,0.855633830083154,1000,0.0,137000,ekf,RK45,3.823976001764068e-05,1.7211596385863052e-09,0.0045007661460793845,2.590394600003492,
137,3.8241481177279264e-05,0.855633830083154,1000,0.0,137000,shooting,RK45,0.0005019805591778199,0.0004637390780005406,1212.6598231139276,3.960734100022819,
137,3.8241481177279264e-05,0.855633830083154,1000,0.0,137000,bls,DOP853,3.824148364892881e-05,2.471649546544139e-12,6.4632683422645286e-06,3.0015884999884292,
137,3.8241481177279264e-05,0.855633830083154,1000,0.0,137000,ekf,DOP853,3.8239760014552734e-05,1.7211627265296178e-09,0.004500774220932182,2.508332400000654,
137,3.8241481177279264e-05,0.855633830083154,1000,0.0,137000,shooting,DOP853,0.0005019772639921114,0.0004637357828148321,1212.6512063302491,0.7991945999965537,
137,3.8241481177279264e-05,0.855633830083154,1000,0.0001,137003,bls,RK45,1.000000000057492e-07,3.8141481177273515e-05,99.73850385255172,3.2979055999894626,
137,3.8241481177279264e-05,0.855633830083154,1000,0.0001,137003,ekf,RK45,0.00011109967536849147,7.285819419121221e-05,190.52137089946208,2.415594299993245,
137,3.8241481177279264e-05,0.855633830083154,1000,0.0001,137003,shooting,RK45,1.0000000016055128e-07,3.814148117711871e-05,99.7385038521469,2.171715599979507,
137,3.8241481177279264e-05,0.855633830083154,1000,0.0001,137003,bls,DOP853,1.0000000000395237e-07,3.814148117727531e-05,99.7385038525564,0.757517199992435,
137,3.8241481177279264e-05,0.855633830083154,1000,0.0001,137003,ekf,DOP853,0.00011109967543546674,7.285819425818747e-05,190.5213710745998,2.5874468999973033,
137,3.8241481177279264e-05,0.855633830083154,1000,0.0001,137003,shooting,DOP853,1.0000000012088582e-07,3.814148117715838e-05,99.73850385225063,0.518398000014713,
171,5.980161878260082e-05,0.8273664937447144,1000,0.0,171000,bls,RK45,5.9801618846966936e-05,6.436611497701722e-14,1.076327301623889e-07,21.34944990000804,
171,5.980161878260082e-05,0.8273664937447144,1000,0.0,171000,ekf,RK45,5.9800708687753884e-05,9.100948469370701e-10,0.0015218565407829072,2.4181107999756932,
171,5.980161878260082e-05,0.8273664937447144,1000,0.0,171000,shooting,RK45,1.0000000016118097e-07,5.970161878243964e-05,99.83278044608672,1.5531501999939792,
171,5.980161878260082e-05,0.8273664937447144,1000,0.0,171000,bls,DOP853,5.980160820188503e-05,1.058071578757206e-11,1.7693025712291425e-05,5.389449400012381,
171,5.980161878260082e-05,0.8273664937447144,1000,0.0,171000,ekf,DOP853,5.980070869023948e-05,9.100923613426033e-10,0.0015218523843829343,2.757829899986973,
171,5.980161878260082e-05,0.8273664937447144,1000,0.0,171000,shooting,DOP853,1.0000000016118097e-07,5.970161878243964e-05,99.83278044608672,0.40598149999277666,
171,5.980161878260082e-05,0.8273664937447144,1000,0.0001,171003,bls,RK45,1.000639627061087e-07,5.9701554819894715e-05,99.8326734882046,2.935394300002372,
171,5.980161878260082e-05,0.8273664937447144,1000,0.0001,171003,ekf,RK45,0.00012057832769769824,6.077670891509742e-05,101.63054136718502,2.2597592000092845,
171,5.980161878260082e-05,0.8273664937447144,1000,0.0001,171003,shooting,RK45,1.0000000012088582e-07,5.9701618782479937e-05,99.8327804461541,2.332868299999973,
171,5.980161878260082e-05,0.8273664937447144,1000,0.0001,171003,bls,DOP853,1.0005545235183983e-07,5.970156333024898e-05,99.83268771918102,0.6160008999868296,
171,5.980161878260082e-05,0.8273664937447144,1000,0.0001,171003,ekf,DOP853,0.00012057832769494081,6.077670891233999e-05,101.63054136257408,2.675452600000426,
171,5.980161878260082e-05,0.8273664937447144,1000,0.0001,171003,shooting,DOP853,1.0000000000000021e-07,5.970161878260082e-05,99.83278044635625,0.3774011000059545,
69,1.9555429214742177e-05,0.030866254891105026,1000,0.0,69000,bls,RK45,1.955542921240123e-05,2.34094495632671e-15,1.1970818592731018e-08,37.64619629998924,
69,1.9555429214742177e-05,0.030866254891105026,1000,0.0,69000,ekf,RK45,1.9555429898353534e-05,6.836113570834676e-13,3.4957624789340657e-06,2.7128191999800038,
69,1.9555429214742177e-05,0.030866254891105026,1000,0.0,69000,shooting,RK45,1.0000000016118097e-07,1.9455429214580994e-05,99.48863305906988,5.9083202999900095,
69,1.9555429214742177e-05,0.030866254891105026,1000,0.0,69000,bls,DOP853,1.9555425167329056e-05,4.047413120801535e-12,2.0697132629287048e-05,18.886799100000644,
69,1.9555429214742177e-05,0.030866254891105026,1000,0.0,69000,ekf,DOP853,1.9555429890294452e-05,6.755522756593437e-13,3.454551000854881e-06,2.642242100002477,
69,1.9555429214742177e-05,0.030866254891105026,1000,0.0,69000,shooting,DOP853,1.0000000016118097e-07,1.9455429214580994e-05,99.48863305906988,2.748313699994469,
69,1.9555429214742177e-05,0.030866254891105026,1000,0.0001,69003,bls,RK45,1.7027178349750246e-05,2.5282508649919303e-06,12.928639086509886,49.699537000007695,
69,1.9555429214742177e-05,0.030866254891105026,1000,0.0001,69003,ekf,RK45,1.9333590219378775e-05,2.218389953634011e-07,1.1344112825514676,2.8541678999899887,
69,1.9555429214742177e-05,0.030866254891105026,1000,0.0001,69003,shooting,RK45,0.0009612695447281881,0.0009417141155134459,4815.614657046338,10.983645300002536,
69,1.9555429214742177e-05,0.030866254891105026,1000,0.0001,69003,bls,DOP853,1.703758684155935e-05,2.517842373182828e-06,12.875413500434506,20.876368700002786,
69,1.9555429214742177e-05,0.030866254891105026,1000,0.0001,69003,ekf,DOP853,1.9333590129239406e-05,2.2183908550277033e-07,1.1344117434944017,2.720041199994739,
69,1.9555429214742177e-05,0.030866254891105026,1000,0.0001,69003,shooting,DOP853,0.0009612706379959295,0.0009417152087811873,4815.620247656135,4.969486999994842,
113,3.05805708102374e-05,0.10659876377630834,1000,0.0,113000,bls,RK45,3.0580570808160486e-05,2.0769112341403884e-15,6.791603881524359e-09,24.95325600000797,
113,3.05805708102374e-05,0.10659876377630834,1000,0.0,113000,ekf,RK45,3.058068465438696e-05,1.1384414956149436e-10,0.00037227607773555025,2.9525660000217613,
113,3.05805708102374e-05,0.10659876377630834,1000,0.0,113000,shooting,RK45,0.002158656712051371,0.002128076141241134,6958.915693387653,13.24707870002021,
113,3.05805708102374e-05,0.10659876377630834,1000,0.0,113000,bls,DOP853,3.058056405073777e-05,6.759499623714641e-12,2.2103902721958926e-05,10.11356200001319,
113,3.05805708102374e-05,0.10659876377630834,1000,0.0,113000,ekf,DOP853,3.0580684659080205e-05,1.1384884280842477e-10,0.0003722914248883537,2.922136999986833,
113,3.05805708102374e-05,0.10659876377630834,1000,0.0,113000,shooting,DOP853,0.002158269662941361,0.002127689092131124,6957.650023389496,6.249644700001227,
113,3.05805708102374e-05,0.10659876377630834,1000,0.0001,113003,bls,RK45,2.864841785358648e-05,1.932152956650917e-06,6.318237055287712,27.46289870000328,
113,3.05805708102374e-05,0.10659876377630834,1000,0.0001,113003,ekf,RK45,1.9376907668398737e-05,1.120366314183866e-05,36.636540277031166,2.795980499999132,
113,3.05805708102374e-05,0.10659876377630834,1000,0.0001,113003,shooting,RK45,1.0000000016118097e-07,3.0480570810076214e-05,99.67299498501282,6.81958169999416,
113,3.05805708102374e-05,0.10659876377630834,1000,0.0001,113003,bls,DOP853,2.8648524010241212e-05,1.9320467999961848e-06,6.317889917703555,10.742448699980741,
113,3.05805708102374e-05,0.10659876377630834,1000,0.0001,113003,ekf,DOP853,1.937690757143571e-05,1.1203663238801686e-05,36.63654059410512,2.491770799999358,
113,3.05805708102374e-05,0.10659876377630834,1000,0.0001,113003,shooting,DOP853,1.0000000012061321e-07,3.0480570810116784e-05,99.6729949851455,4.025683800020488,
117,3.05805708102374e-05,0.9994472876694023,1000,0.0,117000,bls,RK45,3.058057009747354e-05,7.127638594357083e-13,2.3307735616141534e-06,15.704161400004523,
117,3.05805708102374e-05,0.9994472876694023,1000,0.0,117000,ekf,RK45,3.0592985330100255e-05,1.2414519862857982e-08,0.040596102472691575,2.1785659000161104,
117,3.05805708102374e-05,0.9994472876694023,1000,0.0,117000,shooting,RK45,0.00032789727750807984,0.00029731670669784244,972.240539729593,3.6583967999904417,
117,3.05805708102374e-05,0.9994472876694023,1000,0.0,117000,bls,DOP853,3.0580569800024636e-05,1.0102127603406688e-12,3.303446383029848e-06,3.7232130999909714,
117,3.05805708102374e-05,0.9994472876694023,1000,0.0,117000,ekf,DOP853,3.059298531921297e-05,1.2414508975570817e-08,0.0405960668707166,2.614109699992696,
117,3.05805708102374e-05,0.9994472876694023,1000,0.0,117000,shooting,DOP853,0.0003278979287020028,0.0002973173578917654,972.2426691663749,0.8024729000171646,
117,3.05805708102374e-05,0.9994472876694023,1000,0.0001,117003,bls,RK45,9.241072167148835e-05,6.183015086125095e-05,202.18769376453952,31.78029099997366,
117,3.05805708102374e-05,0.9994472876694023,1000,0.0001,117003,ekf,RK45,0.00035138224699597003,0.00032080167618573263,1049.0375675994198,2.47471450001467,
117,3.05805708102374e-05,0.9994472876694023,1000,0.0001,117003,shooting,RK45,0.0736094098840036,0.07357882931319336,240606.46143518522,2.8154294000123627,
117,3.05805708102374e-05,0.9994472876694023,1000,0.0001,117003,bls,DOP853,9.285127283409281e-05,6.227070202385541e-05,203.62831815751844,6.923350700002629,
117,3.05805708102374e-05,0.9994472876694023,1000,0.0001,117003,ekf,DOP853,0.000351382247657064,0.0003208016768468266,1049.0375697612303,2.507397099980153,
117,3.05805708102374e-05,0.9994472876694023,1000,0.0001,117003,shooting,DOP853,0.07360940866784293,0.0735788280970327,240606.4574582789,0.5350086000107694,
316,0.000285980724981827,1.0675846801342617,1000,0.0,316000,bls,RK45,0.00028598072497677525,5.051731602478959e-15,1.7664587719329608e-09,6.281860199989751,
316,0.000285980724981827,1.0675846801342617,1000,0.0,316000,ekf,RK45,0.0002859956200399135,1.4895058086516078e-08,0.005208413289903578,2.4165284000046086,
316,0.000285980724981827,1.0675846801342617,1000,0.0,316000,shooting,RK45,0.0006253540271829528,0.0003393733022011258,118.66999156068708,3.0467738000152167,
316,0.000285980724981827,1.0675846801342617,1000,0.0,316000,bls,DOP853,0.0002859807285215459,3.5397189194520673e-12,1.2377473760432643e-06,1.3161693000001833,
316,0.000285980724981827,1.0675846801342617,1000,0.0,316000,ekf,DOP853,0.0002859956200423739,1.4895060546896068e-08,0.005208414150234284,2.53973109999788,
316,0.000285980724981827,1.0675846801342617,1000,0.0,316000,shooting,DOP853,0.0006253538026309639,0.0003393730776491369,118.6699130407138,0.7451139999902807,
316,0.000285980724981827,1.0675846801342617,1000,0.0001,316003,bls,RK45,0.00027439750802038315,1.1583216961443834e-05,4.050348834586633,11.827854900009697,
316,0.000285980724981827,1.0675846801342617,1000,0.0001,316003,ekf,RK45,0.0003231359518502911,3.71552268684641e-05,12.99221367832576,2.480062499991618,
316,0.000285980724981827,1.0675846801342617,1000,0.0001,316003,shooting,RK45,0.012762962589162262,0.012476981864180435,4362.875108094541,3.0543652000196744,
316,0.000285980724981827,1.0675846801342617,1000,0.0001,316003,bls,DOP853,0.0002743927593695455,1.1587965612281509e-05,4.052009313920678,2.8013701000018045,
316,0.000285980724981827,1.0675846801342617,1000,0.0001,316003,ekf,DOP853,0.00032313595183112873,3.7155226849301746e-05,12.992213671625185,2.7058923000004143,
316,0.000285980724981827,1.0675846801342617,1000,0.0001,316003,shooting,DOP853,0.012762960077520057,0.01247697935253823,4362.874229838776,0.7810726999887265,
341,0.00044721359549995795,0.8688448693141407,1000,0.0,341000,bls,RK45,0.0004472135954769224,2.3035555667821894e-14,5.1509068372730315e-09,9.898765599995386,
341,0.00044721359549995795,0.8688448693141407,1000,0.0,341000,ekf,RK45,0.0004473135023817503,9.990688179235905e-08,0.022339857910775085,2.4693811000033747,
341,0.00044721359549995795,0.8688448693141407,1000,0.0,341000,shooting,RK45,0.0012354982856323136,0.0007882846901323557,176.26581527583048,3.4191810000047553,
341,0.00044721359549995795,0.8688448693141407,1000,0.0,341000,bls,DOP853,0.0004472136235680723,2.8068114347502837e-11,6.27622116812535e-06,2.1278940999764018,
341,0.00044721359549995795,0.8688448693141407,1000,0.0,341000,ekf,DOP853,0.00044731350238118864,9.990688123068811e-08,0.022339857785181647,2.7040305999980774,
341,0.00044721359549995795,0.8688448693141407,1000,0.0,341000,shooting,DOP853,0.0012355007252984834,0.0007882871297985255,176.26636080177028,0.818113400018774,
341,0.00044721359549995795,0.8688448693141407,1000,0.0001,341003,bls,RK45,0.00047288142763841885,2.566783213846089e-05,5.739501749665234,16.980013199994573,
341,0.00044721359549995795,0.8688448693141407,1000,0.0001,341003,ekf,RK45,0.0008935589897779071,0.00044634539427794917,99.805864304944,2.4447668999782763,
341,0.00044721359549995795,0.8688448693141407,1000,0.0001,341003,shooting,RK45,1.0000000000000021e-07,0.00044711359549995795,99.97763932022501,1.7192945000133477,
341,0.00044721359549995795,0.8688448693141407,1000,0.0001,341003,bls,DOP853,0.0004728796349027114,2.5666039402753448e-05,5.739100881774481,3.8831203999870922,
341,0.00044721359549995795,0.8688448693141407,1000,0.0001,341003,ekf,DOP853,0.0008935589897479417,0.00044634539424798377,99.80586429824353,2.678264099988155,
341,0.00044721359549995795,0.8688448693141407,1000,0.0001,341003,shooting,DOP853,1.0000000011652382e-07,0.00044711359549984145,99.97763932019896,0.5947328000038397,
376,0.0005592475824162767,0.6795376588629386,1000,0.0,376000,bls,RK45,0.0005592475824222115,5.934814271968403e-15,1.0612141131351045e-09,5.25020979999681,
376,0.0005592475824162767,0.6795376588629386,1000,0.0,376000,ekf,RK45,0.0005592571399510182,9.557534741497925e-09,0.0017089988480958262,2.6241608999844175,
376,0.0005592475824162767,0.6795376588629386,1000,0.0,376000,shooting,RK45,0.0005731530756952481,1.3905493278971418e-05,2.486464620712628,3.6135981999977957,
376,0.0005592475824162767,0.6795376588629386,1000,0.0,376000,bls,DOP853,0.0005592475843306412,1.9143645002550613e-12,3.4231073328629995e-07,1.3899807999841869,
376,0.0005592475824162767,0.6795376588629386,1000,0.0,376000,ekf,DOP853,0.0005592571399506019,9.55753432516429e-09,0.0017089987736505095,2.590429600008065,
376,0.0005592475824162767,0.6795376588629386,1000,0.0,376000,shooting,DOP853,0.000573082484626763,1.3834902210486336e-05,2.473842113131981,1.0463749000045937,
376,0.0005592475824162767,0.6795376588629386,1000,0.0001,376003,bls,RK45,0.0005541020561378844,5.145526278392304e-06,0.9200802006439832,10.494728299992858,
376,0.0005592475824162767,0.6795376588629386,1000,0.0001,376003,ekf,RK45,0.0005414407196384743,1.780686277780242e-05,3.1840750568587812,2.324855499988189,
376,0.0005592475824162767,0.6795376588629386,1000,0.0001,376003,shooting,RK45,1.0000000000000021e-07,0.0005591475824162767,99.9821188319549,1.9569152000185568,
376,0.0005592475824162767,0.6795376588629386,1000,0.0001,376003,bls,DOP853,0.0005541039367006652,5.143645715611502e-06,0.9197439340529545,2.9461142999934964,
376,0.0005592475824162767,0.6795376588629386,1000,0.0001,376003,ekf,DOP853,0.0005414407196315783,1.780686278469838e-05,3.1840750580918593,2.8306175000034273,
376,0.0005592475824162767,0.6795376588629386,1000,0.0001,376003,shooting,DOP853,1.0000000005109248e-07,0.0005591475824162256,99.98211883194577,0.5826955999946222,
41,1.5637892921922508e-05,0.007842052290517544,1000,0.0,41000,bls,RK45,1.5637892747727014e-05,1.741954935060696e-13,1.1139320007868054e-06,49.848351900000125,
41,1.5637892921922508e-05,0.007842052290517544,1000,0.0,41000,ekf,RK45,1.563781040763299e-05,8.251428951935413e-11,0.0005276560591080573,3.9143106999981683,
41,1.5637892921922508e-05,0.007842052290517544,1000,0.0,41000,shooting,RK45,0.0002424761500992414,0.0002268382571773189,1450.5679141677588,22.67662330000894,
41,1.5637892921922508e-05,0.007842052290517544,1000,0.0,41000,bls,DOP853,1.5637871330529528e-05,2.1591392980165394e-11,0.00013807098621257836,17.588654399994994,
41,1.5637892921922508e-05,0.007842052290517544,1000,0.0,41000,ekf,DOP853,1.5637808752549332e-05,8.416937317547277e-11,0.0005382398613145451,2.9138666999933776,
41,1.5637892921922508e-05,0.007842052290517544,1000,0.0,41000,shooting,DOP853,0.00024245099904347163,0.00022681310612154913,1450.4070801225625,9.863409800018417,
41,1.5637892921922508e-05,0.007842052290517544,1000,0.0001,41003,bls,RK45,1.714007551386385e-05,1.5021825919413431e-06,9.6060421914992,50.26141920001828,
41,1.5637892921922508e-05,0.007842052290517544,1000,0.0001,41003,ekf,RK45,1e-07,1.553789292192251e-05,99.36052765868597,3.9045495000027586,
41,1.5637892921922508e-05,0.007842052290517544,1000,0.0001,41003,shooting,RK45,0.0029163093380770223,0.0029006714451551,18548.99160416104,31.91652620001696,
41,1.5637892921922508e-05,0.007842052290517544,1000,0.0001,41003,bls,DOP853,1.715249284850123e-05,1.5145999265787207e-06,9.685447612033638,21.516231799992966,
41,1.5637892921922508e-05,0.007842052290517544,1000,0.0001,41003,ekf,DOP853,1e-07,1.553789292192251e-05,99.36052765868597,3.0120983999804594,
41,1.5637892921922508e-05,0.007842052290517544,1000,0.0001,41003,shooting,DOP853,0.0029178467095821716,0.0029022088166602493,18558.822669719717,9.721182100009173,
441,0.001367604702448733,0.9376837666256679,1000,0.0,441000,bls,RK45,0.0013676047024590674,1.0334398267697331e-14,7.556568246067971e-10,6.1746341999969445,
441,0.001367604702448733,0.9376837666256679,1000,0.0,441000,ekf,RK45,0.0013676040523574243,6.500913086928545e-10,4.753503022685199e-05,2.4891608000034466,
441,0.001367604702448733,0.9376837666256679,1000,0.0,441000,shooting,RK45,0.0019058598884597823,0.0005382551860110493,39.3575120827889,3.6238427000062075,
441,0.001367604702448733,0.9376837666256679,1000,0.0,441000,bls,DOP853,0.001367604710271545,7.822812059590789e-12,5.720082744365996e-07,1.3600852000236046,
441,0.001367604702448733,0.9376837666256679,1000,0.0,441000,ekf,DOP853,0.0013676040523555998,6.500931331882703e-10,4.753516363494956e-05,2.45939560001716,
441,0.001367604702448733,0.9376837666256679,1000,0.0,441000,shooting,DOP853,0.0019058602756693822,0.0005382555732206492,39.35754039576554,0.834749700006796,
441,0.001367604702448733,0.9376837666256679,1000,0.0001,441003,bls,RK45,0.0012703552589928392,9.724944345589374e-05,7.1109322219911935,17.84559410001384,
441,0.001367604702448733,0.9376837666256679,1000,0.0001,441003,ekf,RK45,0.0012925832357148115,7.502146673392146e-05,5.4856104691358185,2.4936865999770816,
441,0.001367604702448733,0.9376837666256679,1000,0.0001,441003,shooting,RK45,0.025634169191400383,0.02426656448895165,1774.38439963695,3.9867973999935202,
441,0.001367604702448733,0.9376837666256679,1000,0.0001,441003,bls,DOP853,0.0012704037437749193,9.72009586738137e-05,7.107386988343398,4.311168800020823,
441,0.001367604702448733,0.9376837666256679,1000,0.0001,441003,ekf,DOP853,0.0012925832357242868,7.502146672444619e-05,5.485610468442982,2.566023299994413,
441,0.001367604702448733,0.9376837666256679,1000,0.0001,441003,shooting,DOP853,0.0256341682066414,0.024266563504192668,1774.3843276308376,1.0606138000148349,
351,0.00044721359549995795,0.009758164893945608,1000,0.0,351000,bls,RK45,0.0004472135954600165,3.994146593327974e-14,8.931183294780558e-09,17.412942900002236,
351,0.00044721359549995795,0.009758164893945608,1000,0.0,351000,ekf,RK45,0.00044720836922213707,5.226277820886624e-09,0.001168631247680196,3.3558348000224214,
351,0.00044721359549995795,0.009758164893945608,1000,0.0,351000,shooting,RK45,0.00048181350648950815,3.459991098955019e-05,7.736775298807625,19.29114800001844,
351,0.00044721359549995795,0.009758164893945608,1000,0.0,351000,bls,DOP853,0.0004472135856668335,9.83312444056278e-12,2.1987534680312964e-06,8.424740800022846,
351,0.00044721359549995795,0.009758164893945608,1000,0.0,351000,ekf,DOP853,0.0004472083697597047,5.225740253229135e-09,0.001168511043897731,2.970165900012944,
351,0.00044721359549995795,0.009758164893945608,1000,0.0,351000,shooting,DOP853,0.0004818131706372534,3.459957513729544e-05,7.7367001999604215,8.76122009998653,
351,0.00044721359549995795,0.009758164893945608,1000,0.0001,351003,bls,RK45,0.0004473916006812587,1.7800518130073892e-07,0.03980316857356266,21.845314399979543,
351,0.00044721359549995795,0.009758164893945608,1000,0.0001,351003,ekf,RK45,1.469316052882618e-05,0.0004325204349711318,96.7145094253228,3.5219771999982186,
351,0.00044721359549995795,0.009758164893945608,1000,0.0001,351003,shooting,RK45,0.0009786775790302305,0.0005314639835302726,118.83895947665181,21.40054530001362,
351,0.00044721359549995795,0.009758164893945608,1000,0.0001,351003,bls,DOP853,0.0004473913741332475,1.777786332895397e-07,0.03975251089824178,9.396896000020206,
351,0.00044721359549995795,0.009758164893945608,1000,0.0001,351003,ekf,DOP853,1.4697001675906194e-05,0.00043251659382405176,96.71365051872453,2.846841700025834,
351,0.00044721359549995795,0.009758164893945608,1000,0.0001,351003,shooting,DOP853,0.0009787309340195758,0.0005315173385196178,118.8508900149633,10.010894799983362,
506,0.0026744096952484734,0.027313302622606332,1000,0.0,506000,bls,RK45,0.0026744096952503876,1.9142673557404066e-15,7.157719174969399e-11,11.735839700006181,
506,0.0026744096952484734,0.027313302622606332,1000,0.0,506000,ekf,RK45,0.0026744097754201174,8.017164406307065e-11,2.9977323296990995e-06,2.8953808000078425,
506,0.0026744096952484734,0.027313302622606332,1000,0.0,506000,shooting,RK45,0.002606513066336601,6.789662891187225e-05,2.5387519732859825,12.28039759999956,
506,0.0026744096952484734,0.027313302622606332,1000,0.0,506000,bls,DOP853,0.002674409692441802,2.8066715618280114e-12,1.0494546018190566e-07,5.442400500003714,
506,0.0026744096952484734,0.027313302622606332,1000,0.0,506000,ekf,DOP853,0.002674409775586804,8.033833060611117e-11,3.0039649777236963e-06,2.832277699984843,
506,0.0026744096952484734,0.027313302622606332,1000,0.0,506000,shooting,DOP853,0.002606538052328296,6.787164292017733e-05,2.5378177113537395,5.087854499986861,
506,0.0026744096952484734,0.027313302622606332,1000,0.0001,506003,bls,RK45,0.002676748949509478,2.3392542610046856e-06,0.08746805940618424,19.037115699989954,
506,0.0026744096952484734,0.027313302622606332,1000,0.0001,506003,ekf,RK45,0.0027661306370422066,9.172094179373327e-05,3.4295770747724457,2.989316000021063,
506,0.0026744096952484734,0.027313302622606332,1000,0.0001,506003,shooting,RK45,0.0005911522480205883,0.002083257447227885,77.895972742289,14.575880500022322,
506,0.0026744096952484734,0.027313302622606332,1000,0.0001,506003,bls,DOP853,0.002676748799726711,2.339104478237767e-06,0.08746245881450283,7.5309947000059765,
506,0.0026744096952484734,0.027313302622606332,1000,0.0001,506003,ekf,DOP853,0.002766130633913586,9.172093866511265e-05,3.42957695778885,3.0821789000183344,
506,0.0026744096952484734,0.027313302622606332,1000,0.0001,506003,shooting,DOP853,0.0005882355000833711,0.0020861741951651025,78.0050341154361,5.568561099993531,
536,0.0033443910728749317,0.7256598796287671,1000,0.0,536000,bls,RK45,0.0033443910728676507,7.281068109543654e-15,2.1770982970854077e-10,4.85923879998154,
536,0.0033443910728749317,0.7256598796287671,1000,0.0,536000,ekf,RK45,0.00334436028793206,3.0784942871807386e-08,0.0009204947089319847,2.5409938999800943,
536,0.0033443910728749317,0.7256598796287671,1000,0.0,536000,shooting,RK45,0.003702490312245075,0.00035809923937014324,10.70745709957631,3.4182282999972813,
536,0.0033443910728749317,0.7256598796287671,1000,0.0,536000,bls,DOP853,0.0033443910746730754,1.7981436652159122e-12,5.376595099179528e-08,1.1445401000091806,
536,0.0033443910728749317,0.7256598796287671,1000,0.0,536000,ekf,DOP853,0.0033443602879340145,3.078494091720771e-08,0.0009204946504878724,2.6644671999965794,
536,0.0033443910728749317,0.7256598796287671,1000,0.0,536000,shooting,DOP853,0.003702488911966052,0.0003580978390911203,10.707415230100153,1.019998100004159,
536,0.0033443910728749317,0.7256598796287671,1000,0.0001,536003,bls,RK45,0.0033433772895721725,1.013783302759256e-06,0.030312941299887503,5.032833000004757,
536,0.0033443910728749317,0.7256598796287671,1000,0.0001,536003,ekf,RK45,0.0033360236990621185,8.367373812813179e-06,0.2501912494826854,2.5845863000140525,
536,0.0033443910728749317,0.7256598796287671,1000,0.0001,536003,shooting,RK45,0.005080281320069767,0.0017358902471948357,51.904523405590126,4.114704900013749,
536,0.0033443910728749317,0.7256598796287671,1000,0.0001,536003,bls,DOP853,0.0033433740616189444,1.0170112559873198e-06,0.030409459714083875,1.3181505000102334,
536,0.0033443910728749317,0.7256598796287671,1000,0.0001,536003,ekf,DOP853,0.003336023699118428,8.367373756503621e-06,0.25019124779898405,2.66889820000506,
536,0.0033443910728749317,0.7256598796287671,1000,0.0001,536003,shooting,DOP853,0.005080273028124896,0.0017358819552499645,51.904275469727054,0.8804815999756102,
496,0.002138645589641098,0.016097174501434018,1000,0.0,496000,bls,RK45,0.0021386455896404,6.977925182116707e-16,3.26277772058891e-11,31.04985489998944,
496,0.002138645589641098,0.016097174501434018,1000,0.0,496000,ekf,RK45,0.0021386389014910524,6.68815004550502e-09,0.000312728302337715,3.8950865999795496,
496,0.002138645589641098,0.016097174501434018,1000,0.0,496000,shooting,RK45,0.0024770010560438453,0.0003383554664027474,15.821016256346121,23.187014299997827,
496,0.002138645589641098,0.016097174501434018,1000,0.0,496000,bls,DOP853,0.002138645579768722,9.87237592023349e-12,4.616181366399398e-07,13.25727360000019,
496,0.002138645589641098,0.016097174501434018,1000,0.0,496000,ekf,DOP853,0.0021386389015603533,6.6880807446031976e-09,0.00031272506192695415,3.1397715999919455,
496,0.002138645589641098,0.016097174501434018,1000,0.0,496000,shooting,DOP853,0.0024769872098588347,0.0003383416202177368,15.820368828596628,11.821549399988726,
496,0.002138645589641098,0.016097174501434018,1000,0.0001,496003,bls,RK45,0.002139498291149371,8.527015082733166e-07,0.039871099372590056,44.295235700003104,
496,0.002138645589641098,0.016097174501434018,1000,0.0001,496003,ekf,RK45,0.010066433708417638,0.00792778811877654,370.692000450012,3.5582062999892514,
496,0.002138645589641098,0.016097174501434018,1000,0.0001,496003,shooting,RK45,0.00013358497532450634,0.0020050606143165914,93.75375817425999,29.551850599993486,
496,0.002138645589641098,0.016097174501434018,1000,0.0001,496003,bls,DOP853,0.0021394989678625775,8.533782214796212e-07,0.0399027415114083,18.600204799993662,
496,0.002138645589641098,0.016097174501434018,1000,0.0001,496003,ekf,DOP853,0.01006643371037594,0.007927788120734842,370.6920005415794,2.902571499987971,
496,0.002138645589641098,0.016097174501434018,1000,0.0001,496003,shooting,DOP853,0.00013303064171759236,0.0020056149479235055,93.77967801855766,10.859890399995493,
251,0.00014624108826322027,0.024472026448058074,1000,0.0,251000,bls,RK45,0.0001462410882567304,6.489871574172357e-15,4.437789441563232e-09,55.50795940001262,
251,0.00014624108826322027,0.024472026448058074,1000,0.0,251000,ekf,RK45,0.0001462445817261584,3.4934629381205926e-09,0.002388838171002042,4.0715878999908455,
251,0.00014624108826322027,0.024472026448058074,1000,0.0,251000,shooting,RK45,0.00029101433864788683,0.00014477325038466656,98.99628900742879,32.220153400005074,
251,0.00014624108826322027,0.024472026448058074,1000,0.0,251000,bls,DOP853,0.0001462410833889176,4.874302675893227e-12,3.3330596303550057e-06,23.36489579998306,
251,0.00014624108826322027,0.024472026448058074,1000,0.0,251000,ekf,DOP853,0.0001462445817425536,3.4934793333174247e-09,0.0023888493820761842,2.9762819000170566,
251,0.00014624108826322027,0.024472026448058074,1000,0.0,251000,shooting,DOP853,0.0002910145314709588,0.00014477344320773853,98.99642086029877,12.81889989998308,
251,0.00014624108826322027,0.024472026448058074,1000,0.0001,251003,bls,RK45,0.00014327616318338034,2.9649250798399274e-06,2.0274227407986323,129.68701480000163,
251,0.00014624108826322027,0.024472026448058074,1000,0.0001,251003,ekf,RK45,1e-07,0.00014614108826322027,99.93161976487757,6.150703999999678,
251,0.00014624108826322027,0.024472026448058074,1000,0.0001,251003,shooting,RK45,1.0000000016118097e-07,0.0001461410882630591,99.93161976476735,15.045045000006212,
251,0.00014624108826322027,0.024472026448058074,1000,0.0001,251003,bls,DOP853,0.00014327708019777366,2.9640080654466064e-06,2.0267956842003727,41.48078779998468,
251,0.00014624108826322027,0.024472026448058074,1000,0.0001,251003,ekf,DOP853,1e-07,0.00014614108826322027,99.93161976487757,4.038369099987904,
251,0.00014624108826322027,0.024472026448058074,1000,0.0001,251003,shooting,DOP853,1.0000000016118097e-07,0.0001461410882630591,99.93161976476735,6.27440920000663,
436,0.0010936326511457202,0.010365848276314675,1000,0.0,436000,bls,RK45,0.0010936326502865624,8.591577969896402e-13,7.855999874268224e-08,48.080461199977435,
436,0.0010936326511457202,0.010365848276314675,1000,0.0,436000,ekf,RK45,0.0010936328929673402,2.4182162002006624e-10,2.2111777640026305e-05,4.57092840000405,
436,0.0010936326511457202,0.010365848276314675,1000,0.0,436000,shooting,RK45,0.0010982555849644662,4.622933818745987e-06,0.4227135879587055,40.08202299999539,
436,0.0010936326511457202,0.010365848276314675,1000,0.0,436000,bls,DOP853,0.0010936330117623085,3.606165882401313e-10,3.2974197310435026e-05,19.708086200000253,
436,0.0010936326511457202,0.010365848276314675,1000,0.0,436000,ekf,DOP853,0.0010936328930586886,2.4191296838990684e-10,2.212013038715258e-05,3.176145200006431,
436,0.0010936326511457202,0.010365848276314675,1000,0.0,436000,shooting,DOP853,0.0010963024259840375,2.6697748383172713e-06,0.2441198912194456,17.3934670999879,
436,0.0010936326511457202,0.010365848276314675,1000,0.0001,436003,bls,RK45,0.0010925483712980767,1.0842798476434767e-06,0.09914479478164398,68.87137310000253,
436,0.0010936326511457202,0.010365848276314675,1000,0.0001,436003,ekf,RK45,0.001081843808179928,1.1788842965792211e-05,1.0779527251167829,4.929912699997658,
436,0.0010936326511457202,0.010365848276314675,1000,0.0001,436003,shooting,RK45,0.0010168967577420692,7.673589340365106e-05,7.016605925514421,46.58497950001038,
436,0.0010936326511457202,0.010365848276314675,1000,0.0001,436003,bls,DOP853,0.0010925502891150805,1.0823620306397476e-06,0.09896943269806684,22.210673099994892,
436,0.0010936326511457202,0.010365848276314675,1000,0.0001,436003,ekf,DOP853,0.0010818433345270678,1.1789316618652417e-05,1.0779960351678965,3.102687100006733,
436,0.0010936326511457202,0.010365848276314675,1000,0.0001,436003,shooting,DOP853,0.0008086004908728017,0.0002850321602729185,26.06287952122779,24.89694549998967,
601,0.008178497506113136,0.02113155566301566,1000,0.0,601000,bls,RK45,0.008178497506862187,7.490518622033093e-13,9.158795507896404e-09,12.196796800009906,
601,0.008178497506113136,0.02113155566301566,1000,0.0,601000,ekf,RK45,0.008178497504701987,1.4111489754498052e-12,1.725437923524488e-08,3.0804515999916475,
601,0.008178497506113136,0.02113155566301566,1000,0.0,601000,shooting,RK45,0.008140749274403876,3.774823170926006e-05,0.46155460316573554,10.903373599983752,
601,0.008178497506113136,0.02113155566301566,1000,0.0,601000,bls,DOP853,0.008178497504626512,1.4866233244426041e-12,1.8177218044407378e-08,5.722841000009794,
601,0.008178497506113136,0.02113155566301566,1000,0.0,601000,ekf,DOP853,0.00817849750471142,1.4017155491874433e-12,1.7139034989491785e-08,2.6167774999921676,
601,0.008178497506113136,0.02113155566301566,1000,0.0,601000,shooting,DOP853,0.008140749179490304,3.7748326622831854e-05,0.4615557636915133,5.0347208000021055,
601,0.008178497506113136,0.02113155566301566,1000,0.0001,601003,bls,RK45,0.008178266160375144,2.3134573799189762e-07,0.002828707079985962,12.977943500009133,
601,0.008178497506113136,0.02113155566301566,1000,0.0001,601003,ekf,RK45,0.008042429497598598,0.00013606800851453764,1.663728678927048,2.9008337999985088,
601,0.008178497506113136,0.02113155566301566,1000,0.0001,601003,shooting,RK45,0.009016557180644095,0.0008380596745309592,10.24711047358686,11.288387199980207,
601,0.008178497506113136,0.02113155566301566,1000,0.0001,601003,bls,DOP853,0.008178266170215363,2.3133589777298014e-07,0.002828586761811259,5.07980010000756,
601,0.008178497506113136,0.02113155566301566,1000,0.0001,601003,ekf,DOP853,0.008042429497441352,0.00013606800867178338,1.6637286808497207,2.9473378999973647,
601,0.008178497506113136,0.02113155566301566,1000,0.0001,601003,shooting,DOP853,0.009016555661116863,0.0008380581550037278,10.247091894046665,5.228331299993442,
606,0.008178497506113136,0.05382438166327243,1000,0.0,606000,bls,RK45,0.008178497506112584,5.516420653606247e-16,6.74502945007065e-12,18.293377399997553,
606,0.008178497506113136,0.05382438166327243,1000,0.0,606000,ekf,RK45,0.008178497700120621,1.9400748542397483e-10,2.372165367525773e-06,2.8932037000195123,
606,0.008178497506113136,0.05382438166327243,1000,0.0,606000,shooting,RK45,0.008195784708834735,1.7287202721599434e-05,0.21137382152012477,11.99524710001424,
606,0.008178497506113136,0.05382438166327243,1000,0.0,606000,bls,DOP853,0.008178497508797634,2.6844984568619168e-12,3.282385859817588e-08,7.579187299998011,
606,0.008178497506113136,0.05382438166327243,1000,0.0,606000,ekf,DOP853,0.008178497700126554,1.9401341817826268e-10,2.3722379084085378e-06,2.5697237999993376,
606,0.008178497506113136,0.05382438166327243,1000,0.0,606000,shooting,DOP853,0.008195784696037746,1.7287189924610272e-05,0.211373665048974,5.0930307999951765,
606,0.008178497506113136,0.05382438166327243,1000,0.0001,606003,bls,RK45,0.00817812016471074,3.7734140239525926e-07,0.004613823041618708,20.004216200002702,
606,0.008178497506113136,0.05382438166327243,1000,0.0001,606003,ekf,RK45,0.008121509612210476,5.698789390265989e-05,0.6968015073681134,3.1498142999771517,
606,0.008178497506113136,0.05382438166327243,1000,0.0001,606003,shooting,RK45,0.0076674959998919235,0.0005110015062212122,6.248109825053523,11.930639600002905,
606,0.008178497506113136,0.05382438166327243,1000,0.0001,606003,bls,DOP853,0.00817812016857402,3.773375391157713e-07,0.004613775804586661,7.223053299996536,
606,0.008178497506113136,0.05382438166327243,1000,0.0001,606003,ekf,DOP853,0.008121509612230267,5.698789388286843e-05,0.6968015071261195,2.237060100014787,
606,0.008178497506113136,0.05382438166327243,1000,0.0001,606003,shooting,DOP853,0.007667496021965175,0.000511001484147961,6.248109555159803,3.82067939999979,
481,0.002138645589641098,0.01601902026707395,1000,0.0,481000,bls,RK45,0.0021386455896771463,3.604842119253604e-14,1.6855724654492938e-09,65.80390289999195,
481,0.002138645589641098,0.01601902026707395,1000,0.0,481000,ekf,RK45,0.00213864558367053,5.970567790170023e-12,2.7917518541124846e-07,5.227137000008952,
481,0.002138645589641098,0.01601902026707395,1000,0.0,481000,shooting,RK45,0.0020954355117151846,4.321007792591324e-05,2.0204412612921363,44.8295761999907,
481,0.002138645589641098,0.01601902026707395,1000,0.0,481000,bls,DOP853,0.002138645592425056,2.783957959995309e-12,1.3017388077201262e-07,26.33296130000963,
481,0.002138645589641098,0.01601902026707395,1000,0.0,481000,ekf,DOP853,0.002138645583694828,5.9462699521228846e-12,2.7803905335810094e-07,3.6196524999977555,
481,0.002138645589641098,0.01601902026707395,1000,0.0,481000,shooting,DOP853,0.002095434997253913,4.3210592387185e-05,2.0204653167632367,19.03647570000612,
481,0.002138645589641098,0.01601902026707395,1000,0.0001,481003,bls,RK45,0.002140986334469025,2.3407448279271804e-06,0.10944987048181266,61.9982121999783,
481,0.002138645589641098,0.01601902026707395,1000,0.0001,481003,ekf,RK45,0.0013856275749962025,0.0007530180146448954,35.210042201114064,5.923528699990129,
481,0.002138645589641098,0.01601902026707395,1000,0.0001,481003,shooting,RK45,0.002283947297868532,0.0001453017082274342,6.794099449260237,48.14618350000819,
481,0.002138645589641098,0.01601902026707395,1000,0.0001,481003,bls,DOP853,0.0021409956365545466,2.3500469134487417e-06,0.10988482265746148,27.35415009999997,
481,0.002138645589641098,0.01601902026707395,1000,0.0001,481003,ekf,DOP853,0.0013856275800195185,0.0007530180096215794,35.21004196623102,3.9619294999865815,
481,0.002138645589641098,0.01601902026707395,1000,0.0001,481003,shooting,DOP853,0.002283940438158865,0.00014529484851776714,6.793778699076089,17.924666200007778,
861,0.2942857142857143,0.9236665916430493,1000,0.0,861000,bls,RK45,0.2942857142710523,1.4661993841258436e-11,4.982230916932478e-09,4.166339799994603,
861,0.2942857142857143,0.9236665916430493,1000,0.0,861000,ekf,RK45,0.29428644499940465,7.307136903333955e-07,0.00024830076855989164,1.8972554999927524,
861,0.2942857142857143,0.9236665916430493,1000,0.0,861000,shooting,RK45,0.2944215866062152,0.00013587232050088494,0.046170205995446335,2.525845299998764,
861,0.2942857142857143,0.9236665916430493,1000,0.0,861000,bls,DOP853,0.2942857141953944,9.031991821117913e-11,3.0691234343604555e-08,0.8865192999946885,
861,0.2942857142857143,0.9236665916430493,1000,0.0,861000,ekf,DOP853,0.29428644499940043,7.30713686114548e-07,0.0002483007671263027,2.0711777999822516,
861,0.2942857142857143,0.9236665916430493,1000,0.0,861000,shooting,DOP853,0.294421594438927,0.00013588015321269742,0.046172867596547665,0.6076651999901515,
861,0.2942857142857143,0.9236665916430493,1000,0.0001,861003,bls,RK45,0.293492731176346,0.0007929831093683171,0.2694602798824378,8.32136360000004,
861,0.2942857142857143,0.9236665916430493,1000,0.0001,861003,ekf,RK45,0.2924550221271463,0.0018306921585680147,0.6220798597075777,1.9397105999814812,
861,0.2942857142857143,0.9236665916430493,1000,0.0001,861003,shooting,RK45,0.1752360574810948,0.11904965680461951,40.45376687535614,3.411024600005476,
861,0.2942857142857143,0.9236665916430493,1000,0.0001,861003,bls,DOP853,0.29349271361639145,0.0007930006693228631,0.26946624685728354,1.7701199999719393,
861,0.2942857142857143,0.9236665916430493,1000,0.0001,861003,ekf,DOP853,0.29245502212726376,0.0018306921584505531,0.6220798596676637,2.057743399986066,
861,0.2942857142857143,0.9236665916430493,1000,0.0001,861003,shooting,DOP853,0.17523610610523674,0.11904960818047758,40.453750352589466,0.5856719999865163,
836,0.22571428571428573,0.02811457244989369,1000,0.0,836000,bls,RK45,0.22571428571427857,7.16093850883226e-15,3.1725676937864438e-12,11.075232200004393,
836,0.22571428571428573,0.02811457244989369,1000,0.0,836000,ekf,RK45,0.2257142931070836,7.392797873873036e-09,3.2752901972855222e-06,2.160041800001636,
836,0.22571428571428573,0.02811457244989369,1000,0.0,836000,shooting,RK45,0.22557623678505265,0.0001380489292330811,0.06116091801465618,5.273101800004952,
836,0.22571428571428573,0.02811457244989369,1000,0.0,836000,bls,DOP853,0.22571428571315674,1.1289857937413217e-12,5.001835795056488e-10,4.072577499988256,
836,0.22571428571428573,0.02811457244989369,1000,0.0,836000,ekf,DOP853,0.22571429310705765,7.392771922409835e-09,3.2752786998018257e-06,2.071855100017274,
836,0.22571428571428573,0.02811457244989369,1000,0.0,836000,shooting,DOP853,0.22557623703177215,0.00013804868251357516,0.061160808708545955,2.047155999985989,
836,0.22571428571428573,0.02811457244989369,1000,0.0001,836003,bls,RK45,0.22571074090258458,3.5448117011449565e-06,0.0015704861967097907,12.010789799998747,
836,0.22571428571428573,0.02811457244989369,1000,0.0001,836003,ekf,RK45,0.22580618922567877,9.190351139304331e-05,0.04071674555387995,2.042017500003567,
836,0.22571428571428573,0.02811457244989369,1000,0.0001,836003,shooting,RK45,0.2140251895827936,0.011689096131492133,5.178713475977528,6.746139099996071,
836,0.22571428571428573,0.02811457244989369,1000,0.0001,836003,bls,DOP853,0.22571074090619864,3.5448080870914556e-06,0.0015704845955468473,3.8777327999996487,
836,0.22571428571428573,0.02811457244989369,1000,0.0001,836003,ekf,DOP853,0.22580618922572473,9.190351143900655e-05,0.0407167455742434,2.0479368999949656,
836,0.22571428571428573,0.02811457244989369,1000,0.0001,836003,shooting,DOP853,0.2140251885177874,0.011689097196498327,5.178713947815715,2.287184000015259,
891,0.3285714285714286,0.4045374454514876,1000,0.0,891000,bls,RK45,0.32857142857160543,1.7680301667155618e-13,5.380961376960404e-11,3.9708960999851115,
891,0.3285714285714286,0.4045374454514876,1000,0.0,891000,ekf,RK45,0.3285714292271167,6.556880594033032e-10,1.995572354705705e-07,1.9499523999984376,
891,0.3285714285714286,0.4045374454514876,1000,0.0,891000,shooting,RK45,0.3284246660840711,0.00014676248735751019,0.04466684397837266,2.8506028999981936,
891,0.3285714285714286,0.4045374454514876,1000,0.0,891000,bls,DOP853,0.32857142857058447,8.441580767737378e-13,2.569176755398332e-10,1.1715350000013132,
891,0.3285714285714286,0.4045374454514876,1000,0.0,891000,ekf,DOP853,0.32857142922712823,6.556996057227593e-10,1.995607495677963e-07,2.05093929998111,
891,0.3285714285714286,0.4045374454514876,1000,0.0,891000,shooting,DOP853,0.32842466608443865,0.00014676248698997085,0.04466684386651286,0.6628917999914847,
891,0.3285714285714286,0.4045374454514876,1000,0.0001,891003,bls,RK45,0.3285679531294975,3.4754419311333606e-06,0.0010577431964318921,3.950095899985172,
891,0.3285714285714286,0.4045374454514876,1000,0.0001,891003,ekf,RK45,0.328575611482646,4.182911217398555e-06,0.0012730599357299948,1.9556957999884617,
891,0.3285714285714286,0.4045374454514876,1000,0.0001,891003,shooting,RK45,0.29196527049516585,0.036606158076262774,11.14100463190606,2.835391599975992,
891,0.3285714285714286,0.4045374454514876,1000,0.0001,891003,bls,DOP853,0.3285679531574095,3.475414019127321e-06,0.0010577347014735323,1.1940693999931682,
891,0.3285714285714286,0.4045374454514876,1000,0.0001,891003,ekf,DOP853,0.32857561148250425,4.182911075623075e-06,0.0012730598925809356,2.1091242999827955,
891,0.3285714285714286,0.4045374454514876,1000,0.0001,891003,shooting,DOP853,0.291965270490063,0.036606158081365636,11.141004633459106,0.8468747999868356,
5,1e-05,0.04533419547012256,1000,0.0,5000,bls,RK45,9.99999999897571e-06,1.0242915321262078e-15,1.0242915321262076e-08,207.37327549999463,
5,1e-05,0.04533419547012256,1000,0.0,5000,ekf,RK45,1.0004008083551692e-05,4.0080835516912745e-09,0.040080835516912744,4.046694100019522,
5,1e-05,0.04533419547012256,1000,0.0,5000,shooting,RK45,0.0006608774072582559,0.0006508774072582559,6508.774072582558,27.92423209999106,
5,1e-05,0.04533419547012256,1000,0.0,5000,bls,DOP853,9.999999287867496e-06,7.121325047937475e-13,7.121325047937474e-06,83.08258909999859,
5,1e-05,0.04533419547012256,1000,0.0,5000,ekf,DOP853,1.0004008085090385e-05,4.0080850903842215e-09,0.04008085090384221,3.024200700019719,
5,1e-05,0.04533419547012256,1000,0.0,5000,shooting,DOP853,0.0006608774016922438,0.0006508774016922438,6508.774016922437,10.653607200016268,
5,1e-05,0.04533419547012256,1000,0.0001,5003,bls,RK45,9.118143418960167e-06,8.818565810398333e-07,8.818565810398333,200.67801909998525,
5,1e-05,0.04533419547012256,1000,0.0001,5003,ekf,RK45,0.00040249888016795083,0.0003924988801679508,3924.988801679508,4.066017200006172,
5,1e-05,0.04533419547012256,1000,0.0001,5003,shooting,RK45,0.0010005798391167274,0.0009905798391167274,9905.798391167273,21.880942600022536,
5,1e-05,0.04533419547012256,1000,0.0001,5003,bls,DOP853,9.144745647664013e-06,8.55254352335988e-07,8.55254352335988,60.20636419998482,
5,1e-05,0.04533419547012256,1000,0.0001,5003,ekf,DOP853,0.00040249888168694296,0.00039249888168694293,3924.988816869429,2.335619499994209,
5,1e-05,0.04533419547012256,1000,0.0001,5003,shooting,DOP853,0.001000579737617843,0.000990579737617843,9905.797376178429,7.472266099997796,
701,0.020000000000000004,0.009091450299437377,1000,0.0,701000,bls,RK45,0.019999999999991004,8.999745393367675e-15,4.499872696683837e-11,24.950332499982323,
701,0.020000000000000004,0.009091450299437377,1000,0.0,701000,ekf,RK45,0.019999999997173307,2.8266972096346876e-12,1.4133486048173435e-08,3.8313150000176392,
701,0.020000000000000004,0.009091450299437377,1000,0.0,701000,shooting,RK45,0.019992489075078515,7.51092492148886e-06,0.03755462460744429,19.465414399979636,
701,0.020000000000000004,0.009091450299437377,1000,0.0,701000,bls,DOP853,0.02000000000363889,3.638887802193125e-12,1.819443901096562e-08,8.399569100001827,
701,0.020000000000000004,0.009091450299437377,1000,0.0,701000,ekf,DOP853,0.019999999997206443,2.7935605217965787e-12,1.396780260898289e-08,2.4154941999877337,
701,0.020000000000000004,0.009091450299437377,1000,0.0,701000,shooting,DOP853,0.01999248914268267,7.5108573173339466e-06,0.037554286586669726,7.151448199991137,
701,0.020000000000000004,0.009091450299437377,1000,0.0001,701003,bls,RK45,0.02000395318555339,3.95318555338614e-06,0.0197659277669307,25.650049200019566,
701,0.020000000000000004,0.009091450299437377,1000,0.0001,701003,ekf,RK45,0.020172758814651873,0.00017275881465186882,0.8637940732593439,2.896730300009949,
701,0.020000000000000004,0.009091450299437377,1000,0.0001,701003,shooting,RK45,0.024729082660888496,0.004729082660888492,23.645413304442457,22.026895099988906,
701,0.020000000000000004,0.009091450299437377,1000,0.0001,701003,bls,DOP853,0.020003953161730953,3.953161730949062e-06,0.019765808654745306,10.374595799978124,
701,0.020000000000000004,0.009091450299437377,1000,0.0001,701003,ekf,DOP853,0.02017274524903364,0.00017274524903363592,0.8637262451681794,2.384483800007729,
701,0.020000000000000004,0.009091450299437377,1000,0.0001,701003,shooting,DOP853,0.02472907615861379,0.0047290761586137875,23.645380793068934,8.352937100018607,
731,0.054285714285714284,0.020642872689603093,1000,0.0,731000,bls,RK45,0.054285714285627534,8.675005158664817e-14,1.5980272660698347e-10,35.595749400003115,
731,0.054285714285714284,0.020642872689603093,1000,0.0,731000,ekf,RK45,0.054285720470966865,6.185252580948042e-09,1.139388633332534e-05,3.359113599988632,
731,0.054285714285714284,0.020642872689603093,1000,0.0,731000,shooting,RK45,0.054372223102707215,8.650881699293067e-05,0.15935834709224073,14.492780300002778,
731,0.054285714285714284,0.020642872689603093,1000,0.0,731000,bls,DOP853,0.054285714308910854,2.319656966509598e-11,4.273052306728207e-08,11.848004400002537,
731,0.054285714285714284,0.020642872689603093,1000,0.0,731000,ekf,DOP853,0.05428572047101063,6.185296344551894e-09,1.139396695049033e-05,2.30589359998703,
731,0.054285714285714284,0.020642872689603093,1000,0.0,731000,shooting,DOP853,0.05437222312399446,8.650883828017347e-05,0.15935838630558272,5.874082099995576,
731,0.054285714285714284,0.020642872689603093,1000,0.0001,731003,bls,RK45,0.054287411893037915,1.6976073236307787e-06,0.003127171385635645,25.16724680000334,
731,0.054285714285714284,0.020642872689603093,1000,0.0001,731003,ekf,RK45,0.06300967920775301,0.008723964922038724,16.070461698492387,2.6997414999932516,
731,0.054285714285714284,0.020642872689603093,1000,0.0001,731003,shooting,RK45,0.05877098043979272,0.004485266154078432,8.26233238909185,15.975313600007212,
731,0.054285714285714284,0.020642872689603093,1000,0.0001,731003,bls,DOP853,0.0542874119015432,1.6976158289175314e-06,0.003127187053269137,10.641783600003691,
731,0.054285714285714284,0.020642872689603093,1000,0.0001,731003,ekf,DOP853,0.06300967920727768,0.008723964921563396,16.070461697616782,2.2270578000170644,
731,0.054285714285714284,0.020642872689603093,1000,0.0001,731003,shooting,DOP853,0.05877098056811358,0.004485266282399293,8.262332625472382,5.872470900008921,
956,0.4314285714285715,1.01834996008598,1000,0.0,956000,bls,RK45,0.4314285713758051,5.2766402358628284e-11,1.223062306325821e-08,5.655511699995259,
956,0.4314285714285715,1.01834996008598,1000,0.0,956000,ekf,RK45,0.43142845829808063,1.1313049086414395e-07,2.622229920692078e-05,1.9513913000118919,
956,0.4314285714285715,1.01834996008598,1000,0.0,956000,shooting,RK45,0.4304863472437835,0.0009422241847880097,0.21839633422238633,2.2849484000180382,
956,0.4314285714285715,1.01834996008598,1000,0.0,956000,bls,DOP853,0.4314285713412038,8.736766865524714e-11,2.025078412538841e-08,1.294369600014761,
956,0.4314285714285715,1.01834996008598,1000,0.0,956000,ekf,DOP853,0.43142845829803705,1.1313053444039767e-07,2.622230930737694e-05,2.1333801000146195,
956,0.4314285714285715,1.01834996008598,1000,0.0,956000,shooting,DOP853,0.43048634852230483,0.0009422229062666654,0.21839603787637937,0.4780773000093177,
956,0.4314285714285715,1.01834996008598,1000,0.0001,956003,bls,RK45,0.4313087771366078,0.00011979429196368185,0.02776688886575407,6.973637199989753,
956,0.4314285714285715,1.01834996008598,1000,0.0001,956003,ekf,RK45,0.431172857816104,0.0002557136124675119,0.05927136712823122,1.909371799993096,
956,0.4314285714285715,1.01834996008598,1000,0.0001,956003,shooting,RK45,0.3442980223201848,0.08713054910838669,20.19582264101678,3.64651779999258,
956,0.4314285714285715,1.01834996008598,1000,0.0001,956003,bls,DOP853,0.43130874449805023,0.0001198269305212607,0.027774454094331946,1.4635173999995459,
956,0.4314285714285715,1.01834996008598,1000,0.0001,956003,ekf,DOP853,0.4311728578178966,0.0002557136106748903,0.05927136671272291,2.0846715999941807,
956,0.4314285714285715,1.01834996008598,1000,0.0001,956003,shooting,DOP853,0.3442981214272969,0.08713045000127462,20.19579966916961,0.7588435999932699,
976,0.46571428571428575,0.8736742826889805,1000,0.0,976000,bls,RK45,0.46571428571667406,2.3883117705736367e-12,5.128276807980201e-10,4.4133149000117555,
976,0.46571428571428575,0.8736742826889805,1000,0.0,976000,ekf,RK45,0.4657143740909912,8.83767054538076e-08,1.8976593195602857e-05,1.8798253000131808,
976,0.46571428571428575,0.8736742826889805,1000,0.0,976000,shooting,RK45,0.469402208377029,0.0036879226627432593,0.7918852343313746,2.7916058000118937,
976,0.46571428571428575,0.8736742826889805,1000,0.0,976000,bls,DOP853,0.46571428576527446,5.098871325159848e-11,1.0948496710465932e-08,1.0129506999801379,
976,0.46571428571428575,0.8736742826889805,1000,0.0,976000,ekf,DOP853,0.4657143740910317,8.8376745976948e-08,1.8976601896890675e-05,2.1408890999737196,
976,0.46571428571428575,0.8736742826889805,1000,0.0,976000,shooting,DOP853,0.4694022084654233,0.003687922751137551,0.7918852533117441,0.5518737999955192,
976,0.46571428571428575,0.8736742826889805,1000,0.0001,976003,bls,RK45,0.4657269305631577,1.2644848871978809e-05,0.002715151598277658,4.419260399998166,
976,0.46571428571428575,0.8736742826889805,1000,0.0001,976003,ekf,RK45,0.4661174452309025,0.00040315951661673566,0.08656799436555673,1.915680300007807,
976,0.46571428571428575,0.8736742826889805,1000,0.0001,976003,shooting,RK45,0.47813312655900503,0.012418840844719281,2.666622267271011,3.6343319000152405,
976,0.46571428571428575,0.8736742826889805,1000,0.0001,976003,bls,DOP853,0.465726941910332,1.265619604623458e-05,0.0027175881080871798,1.017623799998546,
976,0.46571428571428575,0.8736742826889805,1000,0.0001,976003,ekf,DOP853,0.466117445231827,0.0004031595175412739,0.08656799456407721,2.1180232999904547,
976,0.46571428571428575,0.8736742826889805,1000,0.0001,976003,shooting,DOP853,0.47813316635256486,0.012418880638279117,2.666630811900424,0.8202375000109896,
926,0.3971428571428572,0.005856588725411401,1000,0.0,926000,bls,RK45,0.39714285714811526,5.258071755775973e-12,1.3239749025335182e-09,14.287332799984142,
926,0.3971428571428572,0.005856588725411401,1000,0.0,926000,ekf,RK45,0.3971428525675148,4.575342382739933e-09,1.152064628747465e-06,2.630065500008641,
926,0.3971428571428572,0.005856588725411401,1000,0.0,926000,shooting,RK45,0.3980903211536732,0.0009474640108160237,0.2385700746659052,10.091475100023672,
926,0.3971428571428572,0.005856588725411401,1000,0.0,926000,bls,DOP853,0.39714285710571257,3.71446207125814e-11,9.352962049930568e-09,5.889386800001375,
926,0.3971428571428572,0.005856588725411401,1000,0.0,926000,ekf,DOP853,0.3971428525608287,4.582028478861133e-09,1.153748178130501e-06,2.2739546000084374,
926,0.3971428571428572,0.005856588725411401,1000,0.0,926000,shooting,DOP853,0.398090656047065,0.0009477989042078194,0.23865440034009838,4.415778899972793,
926,0.3971428571428572,0.005856588725411401,1000,0.0001,926003,bls,RK45,0.39714225669314496,6.004497122291674e-07,0.00015119237358288386,15.467666400014423,
926,0.3971428571428572,0.005856588725411401,1000,0.0001,926003,ekf,RK45,0.396812117534048,0.00033073960880919406,0.08327975761382583,2.3650830000115093,
926,0.3971428571428572,0.005856588725411401,1000,0.0001,926003,shooting,RK45,0.39567377630896294,0.001469080833894243,0.36991244018919783,14.012322700000368,
926,0.3971428571428572,0.005856588725411401,1000,0.0001,926003,bls,DOP853,0.3971422551394472,6.020034100107097e-07,0.00015158359244873984,5.1764762999955565,
926,0.3971428571428572,0.005856588725411401,1000,0.0001,926003,ekf,DOP853,0.39680709430470124,0.00033576283815595076,0.08454459953567105,2.0447251000150573,
926,0.3971428571428572,0.005856588725411401,1000,0.0001,926003,shooting,DOP853,0.3956733076921915,0.0014695494506656859,0.3700304372179784,4.744852200004971,
921,0.3971428571428572,0.011584996875453042,1000,0.0,921000,bls,RK45,0.2248979331221848,0.17224492402067237,43.37102403398225,18.325672500010114,
921,0.3971428571428572,0.011584996875453042,1000,0.0,921000,ekf,RK45,0.39714285736303634,2.201791526879049e-10,5.5440793842278204e-08,2.37190600001486,
921,0.3971428571428572,0.011584996875453042,1000,0.0,921000,shooting,RK45,0.000998146457698052,0.3961447106851591,99.74866815813358,4.427306300000055,
921,0.3971428571428572,0.011584996875453042,1000,0.0,921000,bls,DOP853,0.22489757727358878,0.1722452798692684,43.37111363614672,6.809998800017638,
921,0.3971428571428572,0.011584996875453042,1000,0.0,921000,ekf,DOP853,0.397142857362997,2.2013979528168193e-10,5.543088370402062e-08,2.159988900006283,
921,0.3971428571428572,0.011584996875453042,1000,0.0,921000,shooting,DOP853,0.000998205883000609,0.3961446512598566,99.74865319492791,1.304938300017966,
921,0.3971428571428572,0.011584996875453042,1000,0.0001,921003,bls,RK45,0.3971446013132106,1.7441703534237796e-06,0.0004391795853944768,38.874869999999646,
921,0.3971428571428572,0.011584996875453042,1000,0.0001,921003,ekf,RK45,0.39719411680834577,5.1259665488578854e-05,0.012907110015109783,2.1297735999978613,
921,0.3971428571428572,0.011584996875453042,1000,0.0001,921003,shooting,RK45,0.0015654451304563748,0.3955774120124008,99.60582316859013,3.6241130999987945,
921,0.3971428571428572,0.011584996875453042,1000,0.0001,921003,bls,DOP853,0.1775873462418488,0.2195555109010084,55.28376173766398,3.5395974999992177,
921,0.3971428571428572,0.011584996875453042,1000,0.0001,921003,ekf,DOP853,0.39719411680946454,5.1259666607350596e-05,0.012907110296814897,1.966348400019342,
921,0.3971428571428572,0.011584996875453042,1000,0.0001,921003,shooting,DOP853,0.0015652046813470104,0.39557765246151017,99.60588371332987,1.1237360000086483,
446,0.001367604702448733,0.004884090287670169,1000,0.0,446000,bls,RK45,0.00136760470246213,1.3397052564534384e-14,9.79599773278536e-10,129.65145030000713,
446,0.001367604702448733,0.004884090287670169,1000,0.0,446000,ekf,RK45,0.0013660642973770656,1.5404050716673594e-06,0.11263525702340908,1.6848716999811586,
446,0.001367604702448733,0.004884090287670169,1000,0.0,446000,shooting,RK45,0.001254055169304591,0.00011354953314414201,8.302803649389952,90.46408060000977,
446,0.001367604702448733,0.004884090287670169,1000,0.0,446000,bls,DOP853,0.001367604732479675,3.003094192592648e-11,2.1958788144085253e-06,51.48581879999256,
446,0.001367604702448733,0.004884090287670169,1000,0.0,446000,ekf,DOP853,0.0013680358018889943,4.310994402613195e-07,0.0315222256467402,2.713007499987725,
446,0.001367604702448733,0.004884090287670169,1000,0.0,446000,shooting,DOP853,0.001254055286280998,0.00011354941616773494,8.302795096011417,35.418161999987205,
446,0.001367604702448733,0.004884090287670169,1000,0.0001,446003,bls,RK45,0.0013742236511465403,6.61894869780728e-06,0.48398113036288004,128.43131810001796,
446,0.001367604702448733,0.004884090287670169,1000,0.0001,446003,ekf,RK45,0.004693807307846831,0.003326202605398098,243.21374439868794,6.663981399993645,
446,0.001367604702448733,0.004884090287670169,1000,0.0001,446003,shooting,RK45,0.00099172823054728,0.00037587647190145306,27.48429215170408,81.09061459999066,
446,0.001367604702448733,0.004884090287670169,1000,0.0001,446003,bls,DOP853,0.0013742204263984337,6.615723949700714e-06,0.4837453350266406,39.120657599996775,
446,0.001367604702448733,0.004884090287670169,1000,0.0001,446003,ekf,DOP853,0.0012972416020626395,7.036310038609347e-05,5.144988187018255,1.7401600999874063,
446,0.001367604702448733,0.004884090287670169,1000,0.0001,446003,shooting,DOP853,0.0009917288683406688,0.0003758758341080642,27.484245515904448,22.994771700003184,
92,2.445436950375141e-05,0.0034432216146273557,1000,0.0,92000,bls,RK45,2.445436947965638e-05,2.409503125451115e-14,9.853057651236874e-08,326.4220946000132,
92,2.445436950375141e-05,0.0034432216146273557,1000,0.0,92000,ekf,RK45,2.4445509621237887e-05,8.85988251352472e-09,0.03623026352065864,5.740365700010443,
92,2.445436950375141e-05,0.0034432216146273557,1000,0.0,92000,shooting,RK45,0.00081607910394146,0.0007916247344377086,3237.1504581881354,46.22004780001589,
92,2.445436950375141e-05,0.0034432216146273557,1000,0.0,92000,bls,DOP853,2.445430607790421e-05,6.342584720235231e-11,0.00025936406658377554,129.03601200002595,
92,2.445436950375141e-05,0.0034432216146273557,1000,0.0,92000,ekf,DOP853,2.4445494823100586e-05,8.8746806508259e-09,0.036290776785165055,2.791457299987087,
92,2.445436950375141e-05,0.0034432216146273557,1000,0.0,92000,shooting,DOP853,0.0008160786758142866,0.0007916243063105352,3237.148707469626,15.15592319998541,
92,2.445436950375141e-05,0.0034432216146273557,1000,0.0001,92003,bls,RK45,2.4021467093547308e-05,4.3290241020410336e-07,1.7702456411223122,269.6939962999895,
92,2.445436950375141e-05,0.0034432216146273557,1000,0.0001,92003,ekf,RK45,0.0020966768095415384,0.002072222440037787,8473.833028980358,3.75393060001079,
92,2.445436950375141e-05,0.0034432216146273557,1000,0.0001,92003,shooting,RK45,0.0026990145520422327,0.002674560182538481,10936.941891420229,30.878070499980822,
92,2.445436950375141e-05,0.0034432216146273557,1000,0.0001,92003,bls,DOP853,2.401935724608125e-05,4.350122576701614e-07,1.7788733322420296,82.16979390001507,
92,2.445436950375141e-05,0.0034432216146273557,1000,0.0001,92003,ekf,DOP853,0.0020966767417336216,0.00207222237222987,8473.832751696917,2.4429050000035204,
92,2.445436950375141e-05,0.0034432216146273557,1000,0.0001,92003,shooting,DOP853,0.002699012660273597,0.0026745582907698453,10936.934155507692,13.672363099991344,
676,0.015993402906374084,0.0034895657625278187,1000,0.0,676000,bls,RK45,0.01599340290673651,3.6242536749497845e-13,2.2660928985321553e-09,139.87288020001142,
676,0.015993402906374084,0.0034895657625278187,1000,0.0,676000,ekf,RK45,0.015993676632482298,2.737261082137732e-07,0.0017114938566618685,6.100130600010743,
676,0.015993402906374084,0.0034895657625278187,1000,0.0,676000,shooting,RK45,0.016279692080544722,0.0002862891741706383,1.7900454071380851,70.46961840000586,
676,0.015993402906374084,0.0034895657625278187,1000,0.0,676000,bls,DOP853,0.015993402899664493,6.70959121595871e-12,4.1952242779331465e-08,45.183761399996,
676,0.015993402906374084,0.0034895657625278187,1000,0.0,676000,ekf,DOP853,0.01599380007075351,3.971643794259405e-07,0.0024833012821033405,2.600886599975638,
676,0.015993402906374084,0.0034895657625278187,1000,0.0,676000,shooting,DOP853,0.016279691192746033,0.0002862882863719496,1.7900398561074888,25.326227899990045,
676,0.015993402906374084,0.0034895657625278187,1000,0.0001,676003,bls,RK45,0.015989373495087313,4.029411286771145e-06,0.025194208576870436,128.16491730001871,
676,0.015993402906374084,0.0034895657625278187,1000,0.0001,676003,ekf,RK45,0.007708257820355349,0.008285145086018735,51.80351632807759,7.131124200008344,
676,0.015993402906374084,0.0034895657625278187,1000,0.0001,676003,shooting,RK45,0.015514270849660998,0.0004791320567130858,2.995810582137778,59.36229349998757,
676,0.015993402906374084,0.0034895657625278187,1000,0.0001,676003,bls,DOP853,0.01598937034334281,4.032563031275416e-06,0.02521391510538548,43.132793600001605,
676,0.015993402906374084,0.0034895657625278187,1000,0.0001,676003,ekf,DOP853,0.007708264241002577,0.008285138665371507,51.803476182479656,3.4573306000093,
676,0.015993402906374084,0.0034895657625278187,1000,0.0001,676003,shooting,DOP853,0.015514271387796095,0.00047913151857798854,2.99580721740608,24.61933090002276,
946,0.4314285714285715,0.17446393108770789,1000,0.0,946000,bls,RK45,0.2697665333032205,0.16166203812535102,37.471333340313144,69.31032140000025,
946,0.4314285714285715,0.17446393108770789,1000,0.0,946000,ekf,RK45,0.43142856952633585,1.902235646777939e-09,4.409155472664096e-07,1.7072870999982115,
946,0.4314285714285715,0.17446393108770789,1000,0.0,946000,shooting,RK45,0.26622554640043283,0.16520302502813866,38.29209189393942,62.83576859999448,
946,0.4314285714285715,0.17446393108770789,1000,0.0,946000,bls,DOP853,0.26796412891436217,0.16346444251420933,37.88910919203527,27.316654199996265,
946,0.4314285714285715,0.17446393108770789,1000,0.0,946000,ekf,DOP853,0.43142856952625036,1.902321133950835e-09,4.4093536217403455e-07,1.7396299000247382,
946,0.4314285714285715,0.17446393108770789,1000,0.0,946000,shooting,DOP853,0.2662255443632803,0.16520302706529122,38.2920923661271,23.695570399984717,
946,0.4314285714285715,0.17446393108770789,1000,0.0001,946003,bls,RK45,0.02368561988817806,0.4077429515403934,94.50995565505806,344.59787759999745,
946,0.4314285714285715,0.17446393108770789,1000,0.0001,946003,ekf,RK45,0.43143964239015653,1.1070961585035732e-05,0.0025661169236837786,1.5703022000088822,
946,0.4314285714285715,0.17446393108770789,1000,0.0001,946003,shooting,RK45,0.26429293622967537,0.16713563519889613,38.74004789378386,56.51324160001241,
946,0.4314285714285715,0.17446393108770789,1000,0.0001,946003,bls,DOP853,0.43143272396026194,4.152531690448935e-06,0.000962507345468296,21.890863599983277,
946,0.4314285714285715,0.17446393108770789,1000,0.0001,946003,ekf,DOP853,0.431439642390496,1.1070961924486422e-05,0.002566117002364402,1.6253110000106972,
946,0.4314285714285715,0.17446393108770789,1000,0.0001,946003,shooting,DOP853,0.2642929368682232,0.1671356345603483,38.74004774577609,22.068092900008196,
