traj_idx,w_phys,freeze,ramp,mu_true,mu_pred,error_pct
626,15.0,2000,2000,0.010227338802117767,0.4481581449508667,4281.962440298417
626,15.0,4000,2000,0.010227338802117767,0.34998130798339844,3322.017347376114
626,15.0,4000,4000,0.010227338802117767,0.34998130798339844,3322.017347376114
626,15.0,6000,2000,0.010227338802117767,0.35130971670150757,3335.0061487037287
626,15.0,6000,4000,0.010227338802117767,0.35130971670150757,3335.0061487037287
626,15.0,6000,6000,0.010227338802117767,0.35130971670150757,3335.0061487037287
626,15.0,8000,2000,0.010227338802117767,0.35858023166656494,3406.0951690806805
626,15.0,8000,4000,0.010227338802117767,0.35858023166656494,3406.0951690806805
626,15.0,8000,6000,0.010227338802117767,0.35858023166656494,3406.0951690806805
626,15.0,8000,8000,0.010227338802117767,0.42234236001968384,4029.5430628760405
626,20.0,2000,2000,0.010227338802117767,0.18745779991149902,1732.9088684603103
626,20.0,4000,2000,0.010227338802117767,0.2387963980436325,2234.883029338826
626,20.0,4000,4000,0.010227338802117767,0.2387963980436325,2234.883029338826
626,20.0,6000,2000,0.010227338802117767,0.3030092716217041,2862.7381813044094
626,20.0,6000,4000,0.010227338802117767,0.3030092716217041,2862.7381813044094
626,20.0,6000,6000,0.010227338802117767,0.3030092716217041,2862.7381813044094
626,20.0,8000,2000,0.010227338802117767,0.2601727247238159,2443.8946509715915
626,20.0,8000,4000,0.010227338802117767,0.2601727247238159,2443.8946509715915
626,20.0,8000,6000,0.010227338802117767,0.2601727247238159,2443.8946509715915
626,20.0,8000,8000,0.010227338802117767,0.3616461753845215,3436.073091757121
626,25.0,2000,2000,0.010227338802117767,0.025888357311487198,153.12896944537044
626,25.0,4000,2000,0.010227338802117767,0.31009185314178467,2931.9896420911973
626,25.0,4000,4000,0.010227338802117767,0.31009185314178467,2931.9896420911973
626,25.0,6000,2000,0.010227338802117767,0.1375831663608551,1245.2489354548993
626,25.0,6000,4000,0.010227338802117767,0.1375831663608551,1245.2489354548993
626,25.0,6000,6000,0.010227338802117767,0.1375831663608551,1245.2489354548993
626,25.0,8000,2000,0.010227338802117767,0.28300750255584717,2667.166591735917
626,25.0,8000,4000,0.010227338802117767,0.28300750255584717,2667.166591735917
626,25.0,8000,6000,0.010227338802117767,0.28300750255584717,2667.166591735917
626,25.0,8000,8000,0.010227338802117767,0.11026157438755035,978.1062065208848
626,30.0,2000,2000,0.010227338802117767,0.3705257475376129,3522.895014105609
626,30.0,4000,2000,0.010227338802117767,0.47016096115112305,4497.099697662966
626,30.0,4000,4000,0.010227338802117767,0.47016096115112305,4497.099697662966
626,30.0,6000,2000,0.010227338802117767,0.24791890382766724,2324.0802873992097
626,30.0,6000,4000,0.010227338802117767,0.24791890382766724,2324.0802873992097
626,30.0,6000,6000,0.010227338802117767,0.24791890382766724,2324.0802873992097
626,30.0,8000,2000,0.010227338802117767,0.2866763174533844,2703.0392167513073
626,30.0,8000,4000,0.010227338802117767,0.2866763174533844,2703.0392167513073
626,30.0,8000,6000,0.010227338802117767,0.2866763174533844,2703.0392167513073
626,30.0,8000,8000,0.010227338802117767,0.30834880471229553,2914.9466120008265
626,35.0,2000,2000,0.010227338802117767,0.3732300400733948,3549.336814735328
626,35.0,4000,2000,0.010227338802117767,0.48534685373306274,4645.583021387365
626,35.0,4000,4000,0.010227338802117767,0.48534685373306274,4645.583021387365
626,35.0,6000,2000,0.010227338802117767,0.24522948265075684,2297.7838946723596
626,35.0,6000,4000,0.010227338802117767,0.24522948265075684,2297.7838946723596
626,35.0,6000,6000,0.010227338802117767,0.24522948265075684,2297.7838946723596
626,35.0,8000,2000,0.010227338802117767,0.3857509195804596,3671.762401188689
626,35.0,8000,4000,0.010227338802117767,0.3857509195804596,3671.762401188689
626,35.0,8000,6000,0.010227338802117767,0.3857509195804596,3671.762401188689
626,35.0,8000,8000,0.010227338802117767,0.3897899389266968,3711.254779649847
626,40.0,2000,2000,0.010227338802117767,0.39155489206314087,3728.5119877133816
626,40.0,4000,2000,0.010227338802117767,0.46471163630485535,4443.817754513304
626,40.0,4000,4000,0.010227338802117767,0.46471163630485535,4443.817754513304
626,40.0,6000,2000,0.010227338802117767,0.2701258361339569,2541.2133337953187
626,40.0,6000,4000,0.010227338802117767,0.2701258361339569,2541.2133337953187
626,40.0,6000,6000,0.010227338802117767,0.2701258361339569,2541.2133337953187
626,40.0,8000,2000,0.010227338802117767,0.31350600719451904,2965.372266044433
626,40.0,8000,4000,0.010227338802117767,0.31350600719451904,2965.372266044433
626,40.0,8000,6000,0.010227338802117767,0.31350600719451904,2965.372266044433
626,40.0,8000,8000,0.010227338802117767,0.3658314049243927,3476.9950717643214
740,15.0,2000,2000,0.08857142857142858,0.1913357526063919,116.02423681366827
740,15.0,4000,2000,0.08857142857142858,0.2365555465221405,167.07884284757796
740,15.0,4000,4000,0.08857142857142858,0.2365555465221405,167.07884284757796
740,15.0,6000,2000,0.08857142857142858,0.17439591884613037,96.89861805208267
740,15.0,6000,4000,0.08857142857142858,0.17439591884613037,96.89861805208267
740,15.0,6000,6000,0.08857142857142858,0.17439591884613037,96.89861805208267
740,15.0,8000,2000,0.08857142857142858,0.007073253393173218,92.01406874964314
740,15.0,8000,4000,0.08857142857142858,0.007073253393173218,92.01406874964314
740,15.0,8000,6000,0.08857142857142858,0.007073253393173218,92.01406874964314
740,15.0,8000,8000,0.08857142857142858,0.007073253393173218,92.01406874964314
740,20.0,2000,2000,0.08857142857142858,0.2184443473815918,146.63071478566815
740,20.0,4000,2000,0.08857142857142858,0.22107253968715668,149.59802867904784
740,20.0,4000,4000,0.08857142857142858,0.22107253968715668,149.59802867904784
740,20.0,6000,2000,0.08857142857142858,0.20401008427143097,130.3339661129059
740,20.0,6000,4000,0.08857142857142858,0.20401008427143097,130.3339661129059
740,20.0,6000,6000,0.08857142857142858,0.20401008427143097,130.3339661129059
740,20.0,8000,2000,0.08857142857142858,0.005211123265326023,94.11647373269642
740,20.0,8000,4000,0.08857142857142858,0.005211123265326023,94.11647373269642
740,20.0,8000,6000,0.08857142857142858,0.005211123265326023,94.11647373269642
740,20.0,8000,8000,0.08857142857142858,0.005211123265326023,94.11647373269642
740,25.0,2000,2000,0.08857142857142858,0.23124641180038452,161.0846584843051
740,25.0,4000,2000,0.08857142857142858,0.11889477074146271,34.23603148229659
740,25.0,4000,4000,0.08857142857142858,0.11889477074146271,34.23603148229659
740,25.0,6000,2000,0.08857142857142858,0.18584270775318146,109.8224119793984
740,25.0,6000,4000,0.08857142857142858,0.18584270775318146,109.8224119793984
740,25.0,6000,6000,0.08857142857142858,0.18584270775318146,109.8224119793984
740,25.0,8000,2000,0.08857142857142858,0.004284691531211138,95.16244504540678
740,25.0,8000,4000,0.08857142857142858,0.004284691531211138,95.16244504540678
740,25.0,8000,6000,0.08857142857142858,0.004284691531211138,95.16244504540678
740,25.0,8000,8000,0.08857142857142858,0.004284691531211138,95.16244504540678
740,30.0,2000,2000,0.08857142857142858,0.236674502491951,167.21314797478334
740,30.0,4000,2000,0.08857142857142858,0.12393416464328766,39.92566975855057
740,30.0,4000,4000,0.08857142857142858,0.12393416464328766,39.92566975855057
740,30.0,6000,2000,0.08857142857142858,0.16768375039100647,89.32036334468471
740,30.0,6000,4000,0.08857142857142858,0.16768375039100647,89.32036334468471
740,30.0,6000,6000,0.08857142857142858,0.16768375039100647,89.32036334468471
740,30.0,8000,2000,0.08857142857142858,0.004463472869247198,94.96059514762413
740,30.0,8000,4000,0.08857142857142858,0.004463472869247198,94.96059514762413
740,30.0,8000,6000,0.08857142857142858,0.004463472869247198,94.96059514762413
740,30.0,8000,8000,0.08857142857142858,0.004463472869247198,94.96059514762413
740,35.0,2000,2000,0.08857142857142858,0.24852509796619415,180.59285254247726
740,35.0,4000,2000,0.08857142857142858,0.12299691140651703,38.867480620261155
740,35.0,4000,4000,0.08857142857142858,0.12299691140651703,38.867480620261155
740,35.0,6000,2000,0.08857142857142858,0.15646424889564514,76.65318423701869
740,35.0,6000,4000,0.08857142857142858,0.15646424889564514,76.65318423701869
740,35.0,6000,6000,0.08857142857142858,0.15646424889564514,76.65318423701869
740,35.0,8000,2000,0.08857142857142858,0.004665277898311615,94.73275075997077
740,35.0,8000,4000,0.08857142857142858,0.004665277898311615,94.73275075997077
740,35.0,8000,6000,0.08857142857142858,0.004665277898311615,94.73275075997077
740,35.0,8000,8000,0.08857142857142858,0.004665277898311615,94.73275075997077
740,40.0,2000,2000,0.08857142857142858,0.25692591071128845,190.07764112564823
740,40.0,4000,2000,0.08857142857142858,0.12088333070278168,36.48117982572124
740,40.0,4000,4000,0.08857142857142858,0.12088333070278168,36.48117982572124
740,40.0,6000,2000,0.08857142857142858,0.3749968409538269,323.3835301091594
740,40.0,6000,4000,0.08857142857142858,0.3749968409538269,323.3835301091594
740,40.0,6000,6000,0.08857142857142858,0.3749968409538269,323.3835301091594
740,40.0,8000,2000,0.08857142857142858,0.0046064346097409725,94.7991867309376
740,40.0,8000,4000,0.08857142857142858,0.0046064346097409725,94.7991867309376
740,40.0,8000,6000,0.08857142857142858,0.0046064346097409725,94.7991867309376
740,40.0,8000,8000,0.08857142857142858,0.0046064346097409725,94.7991867309376
646,15.0,2000,2000,0.01278944682628075,0.012881575152277946,0.7203464485100649
646,15.0,4000,2000,0.01278944682628075,0.012892614118754864,0.8066595363774273
646,15.0,4000,4000,0.01278944682628075,0.012884174473583698,0.7406704026345742
646,15.0,6000,2000,0.01278944682628075,3.261272851773356e-08,99.99974500282177
646,15.0,6000,4000,0.01278944682628075,0.012811370193958282,0.17141763811459584
646,15.0,6000,6000,0.01278944682628075,3.268078785367834e-08,99.99974447066947
646,15.0,8000,2000,0.01278944682628075,0.012996784411370754,1.6211614771637424
646,15.0,8000,4000,0.01278944682628075,0.013024616055190563,1.8387756101113717
646,15.0,8000,6000,0.01278944682628075,0.013019829988479614,1.8013536107398729
646,15.0,8000,8000,0.01278944682628075,0.013024828396737576,1.8404358972988988
646,20.0,2000,2000,0.01278944682628075,0.013016089797019958,1.7721092539630803
646,20.0,4000,2000,0.01278944682628075,0.013078966177999973,2.263736310504818
646,20.0,4000,4000,0.01278944682628075,0.013077013194561005,2.2484660375563785
646,20.0,6000,2000,0.01278944682628075,0.013188338838517666,3.1189152873855472
646,20.0,6000,4000,0.01278944682628075,0.01316638384014368,2.947250330548865
646,20.0,6000,6000,0.01278944682628075,0.013164427131414413,2.93195092975503
646,20.0,8000,2000,0.01278944682628075,0.013124911114573479,2.6229773097253175
646,20.0,8000,4000,0.01278944682628075,0.01314773689955473,2.8014509004231307
646,20.0,8000,6000,0.01278944682628075,0.01317203976213932,2.9914736818201457
646,20.0,8000,8000,0.01278944682628075,0.013154001906514168,2.8504366544165287
646,25.0,2000,2000,0.01278944682628075,0.013081550598144531,2.2839437532477467
646,25.0,4000,2000,0.01278944682628075,0.013158079236745834,2.8823170812015886
646,25.0,4000,4000,0.01278944682628075,0.01324096042662859,3.5303606675156156
646,25.0,6000,2000,0.01278944682628075,3.2168259167519864e-07,99.99748478103827
646,25.0,6000,4000,0.01278944682628075,3.0885590263096674e-07,99.99758507223318
646,25.0,6000,6000,0.01278944682628075,2.958827849397494e-07,99.99768650834584
646,25.0,8000,2000,0.01278944682628075,0.013256452977657318,3.6514960945529538
646,25.0,8000,4000,0.01278944682628075,0.01326728705316782,3.736207150923579
646,25.0,8000,6000,0.01278944682628075,0.013297460973262787,3.972135416663448
646,25.0,8000,8000,0.01278944682628075,0.013342225924134254,4.322150170855013
646,30.0,2000,2000,0.01278944682628075,0.013150001876056194,2.81916063042342
646,30.0,4000,2000,0.01278944682628075,0.01330993790179491,4.069691852853362
646,30.0,4000,4000,0.01278944682628075,0.013246291317045689,3.5720426142761634
646,30.0,6000,2000,0.01278944682628075,0.013323135673999786,4.17288452712725
646,30.0,6000,4000,0.01278944682628075,0.013347309082746506,4.361895115896781
646,30.0,6000,6000,0.01278944682628075,0.013331473805010319,4.238079927083083
646,30.0,8000,2000,0.01278944682628075,0.013462570495903492,5.263117934385991
646,30.0,8000,4000,0.01278944682628075,0.013515369966626167,5.67595416913368
646,30.0,8000,6000,0.01278944682628075,0.01350758969783783,5.61512066402578
646,30.0,8000,8000,0.01278944682628075,0.013513173907995224,5.658783304273203
646,35.0,2000,2000,0.01278944682628075,0.013256189413368702,3.6494352994912425
646,35.0,4000,2000,0.01278944682628075,0.01338446419686079,4.652408963907277
646,35.0,4000,4000,0.01278944682628075,0.013373068533837795,4.563306884843323
646,35.0,6000,2000,0.01278944682628075,0.013469801284372807,5.319655082298098
646,35.0,6000,4000,0.01278944682628075,0.013485406525433064,5.441671626658641
646,35.0,6000,6000,0.01278944682628075,0.013228063471615314,3.429520066757391
646,35.0,8000,2000,0.01278944682628075,0.013524978421628475,5.751082164369281
646,35.0,8000,4000,0.01278944682628075,0.013663824647665024,6.836713372055579
646,35.0,8000,6000,0.01278944682628075,0.01353702787309885,5.845296180300095
646,35.0,8000,8000,0.01278944682628075,0.013568288646638393,6.0897224949340165
646,40.0,2000,2000,0.01278944682628075,0.013402541168034077,4.793751833687543
646,40.0,4000,2000,0.01278944682628075,0.013460665009915829,5.24821904146634
646,40.0,4000,4000,0.01278944682628075,0.013466366566717625,5.292799208843713
646,40.0,6000,2000,0.01278944682628075,0.013345220126211643,4.345561676591416
646,40.0,6000,4000,0.01278944682628075,0.013527538627386093,5.77110027611714
646,40.0,6000,6000,0.01278944682628075,0.013410891406238079,4.8590418991409114
646,40.0,8000,2000,0.01278944682628075,0.013600890524685383,6.344634833910215
646,40.0,8000,4000,0.01278944682628075,0.013635261915624142,6.61338289944914
646,40.0,8000,6000,0.01278944682628075,0.013617448508739471,6.474100824730584
646,40.0,8000,8000,0.01278944682628075,0.013581950217485428,6.196541585959609
